"Date ","series ","OPEN ","HIGH ","LOW ","PREV. CLOSE ","ltp ","close ","vwap ","52W H ","52W L ","VOLUME ","VALUE ","No of trades "
"01-Jun-2023","EQ","922.00","930.95","916.05","914.85","921.50","919.70","923.91","970.00","618.25","11,817,533","10,918,348,216.70","167,684"
"31-May-2023","EQ","937.35","939.90","910.20","937.45","917.50","914.85","916.83","970.00","618.25","34,757,004","31,866,286,587.55","264,113"
"30-May-2023","EQ","930.80","939.70","928.05","929.80","935.15","937.45","933.19","970.00","618.25","7,804,403","7,282,994,937.60","154,714"
"29-May-2023","EQ","931.00","937.70","928.05","926.95","930.70","929.80","933.27","970.00","618.25","7,133,871","6,657,825,588.40","127,183"
"26-May-2023","EQ","918.00","927.90","915.00","921.05","925.90","926.95","922.49","970.00","618.25","4,908,462","4,528,020,852.45","106,287"
"25-May-2023","EQ","916.70","923.55","912.45","917.70","920.35","921.05","916.90","970.00","618.25","8,149,350","7,472,119,111.25","113,733"
"24-May-2023","EQ","911.15","920.85","910.20","916.15","918.00","917.70","915.75","970.00","618.25","6,248,545","5,722,097,401.05","121,754"
"23-May-2023","EQ","917.55","922.50","912.40","917.55","912.95","916.15","918.17","970.00","618.25","8,273,445","7,596,397,802.65","141,294"
"22-May-2023","EQ","923.00","927.75","914.40","924.05","916.80","917.55","919.19","970.00","618.25","9,383,158","8,624,941,377.95","130,478"
"19-May-2023","EQ","920.90","927.00","908.95","914.70","926.00","924.05","916.94","970.00","618.25","8,393,002","7,695,879,382.05","149,439"
"18-May-2023","EQ","920.00","929.50","912.60","914.80","915.65","914.70","922.01","970.00","618.25","13,614,127","12,552,328,653.70","214,235"
"17-May-2023","EQ","917.70","918.90","911.25","917.80","915.20","914.80","915.74","970.00","618.25","10,248,327","9,384,850,303.70","159,245"
"16-May-2023","EQ","916.20","922.50","912.00","915.80","915.90","917.80","918.40","970.00","618.25","12,567,615","11,542,124,160.15","154,810"
"15-May-2023","EQ","910.65","919.50","909.15","910.65","913.10","915.80","916.02","970.00","618.25","7,339,579","6,723,179,195.50","183,405"
"12-May-2023","EQ","895.20","913.60","894.00","895.95","911.00","910.65","905.39","970.00","618.25","10,533,272","9,536,670,795.00","161,890"
"11-May-2023","EQ","891.00","900.00","889.00","889.90","895.70","895.95","895.23","970.00","618.25","13,816,121","12,368,619,503.95","200,160"
"10-May-2023","EQ","892.00","892.50","877.55","888.25","890.00","889.90","887.33","970.00","618.25","11,893,027","10,553,051,459.10","167,094"
"09-May-2023","EQ","882.20","890.20","880.00","878.45","888.00","888.25","886.80","970.00","618.25","12,117,151","10,745,483,967.45","156,537"
"08-May-2023","EQ","865.30","881.40","865.30","865.30","879.95","878.45","877.74","970.00","618.25","7,007,882","6,151,112,520.70","134,771"
"05-May-2023","EQ","867.15","885.00","862.75","865.95","864.75","865.30","874.20","970.00","618.25","14,343,308","12,538,877,195.70","196,545"
"04-May-2023","EQ","860.00","867.15","857.50","859.85","865.90","865.95","861.66","970.00","618.25","9,756,391","8,406,700,680.10","212,358"
"03-May-2023","EQ","863.85","866.85","854.05","870.65","859.05","859.85","859.26","970.00","618.25","15,103,015","12,977,445,017.40","289,619"
"02-May-2023","EQ","870.00","876.40","864.25","860.00","869.90","870.65","871.65","970.00","618.25","12,947,953","11,286,116,515.35","208,931"
"28-Apr-2023","EQ","885.10","890.05","853.65","881.40","860.00","860.00","860.94","970.00","618.25","23,004,117","19,805,082,924.80","371,287"
"27-Apr-2023","EQ","888.00","890.00","877.50","887.65","880.50","881.40","882.38","970.00","618.25","15,992,383","14,111,354,670.75","211,246"
"26-Apr-2023","EQ","877.40","889.45","875.20","878.35","885.60","887.65","882.29","970.00","618.25","19,468,723","17,177,083,781.20","231,914"
"25-Apr-2023","EQ","885.00","895.80","874.40","882.30","876.80","878.35","887.20","970.00","618.25","36,394,389","32,289,273,339.60","221,239"
"24-Apr-2023","EQ","868.00","884.40","860.50","864.20","884.25","882.30","873.68","970.00","618.25","18,201,632","15,902,435,367.85","170,058"
"21-Apr-2023","EQ","870.80","873.85","857.50","868.75","860.70","864.20","866.89","970.00","618.25","15,520,786","13,454,767,337.10","117,031"
"20-Apr-2023","EQ","874.80","875.60","864.15","873.40","871.10","868.75","868.69","970.00","618.25","19,444,753","16,891,415,680.10","128,040"
"19-Apr-2023","EQ","865.00","874.50","862.55","863.35","871.95","873.40","869.32","970.00","618.25","23,494,247","20,424,019,478.25","170,158"
"18-Apr-2023","EQ","865.35","872.00","857.10","864.55","864.75","863.35","865.53","970.00","618.25","17,238,709","14,920,705,065.35","140,178"
"17-Apr-2023","EQ","882.00","882.00","861.00","864.35","864.00","864.55","867.05","970.00","618.25","22,577,380","19,575,735,178.10","178,837"
"13-Apr-2023","EQ","853.65","867.70","845.00","851.05","864.00","864.35","854.42","970.00","618.25","23,934,570","20,450,123,140.30","176,831"
"12-Apr-2023","EQ","854.90","856.65","846.65","853.30","851.95","851.05","850.29","970.00","618.25","13,480,335","11,462,240,653.50","160,356"
"11-Apr-2023","EQ","848.25","855.70","844.05","847.35","853.70","853.30","849.69","970.00","618.25","23,930,907","20,333,891,050.00","191,245"
"10-Apr-2023","EQ","854.80","854.95","843.95","851.95","845.50","847.35","848.25","970.00","618.25","15,656,078","13,280,268,139.00","140,348"
"06-Apr-2023","EQ","861.80","863.25","849.00","860.50","851.30","851.95","854.22","970.00","618.25","19,677,316","16,808,722,254.05","197,757"
"05-Apr-2023","EQ","871.00","871.00","857.00","864.60","860.00","860.50","860.63","970.00","618.25","11,890,015","10,232,953,006.70","188,518"
"03-Apr-2023","EQ","864.00","866.80","856.45","858.50","865.35","864.60","862.05","970.00","618.25","13,266,882","11,436,720,768.45","134,998"
"31-Mar-2023","EQ","854.90","860.90","847.50","842.60","857.10","858.50","853.86","970.00","618.25","12,946,752","11,054,759,333.60","246,251"
"29-Mar-2023","EQ","832.50","848.45","830.00","832.45","847.00","842.60","836.05","970.00","618.25","17,121,194","14,314,246,634.65","183,152"
"28-Mar-2023","EQ","837.40","837.40","826.05","833.35","833.65","832.45","831.05","970.00","618.25","11,002,402","9,143,530,130.60","169,958"
"27-Mar-2023","EQ","841.05","842.20","829.20","839.90","832.00","833.35","835.31","970.00","618.25","10,602,508","8,856,424,106.65","220,621"
"24-Mar-2023","EQ","846.25","852.50","837.25","848.80","840.00","839.90","845.47","970.00","618.25","8,078,718","6,830,275,637.90","196,674"
"23-Mar-2023","EQ","847.00","861.15","845.10","849.65","847.70","848.80","854.54","970.00","618.25","9,857,892","8,423,939,611.75","161,437"
"22-Mar-2023","EQ","855.60","859.80","847.05","855.60","850.00","849.65","852.68","970.00","618.25","8,018,924","6,837,608,644.85","139,399"
"21-Mar-2023","EQ","840.10","857.35","838.75","837.55","854.65","855.60","848.40","970.00","618.25","11,489,951","9,748,030,141.05","215,897"
"20-Mar-2023","EQ","836.00","841.00","825.55","837.40","837.35","837.55","831.92","970.00","618.25","10,744,023","8,938,134,767.25","231,977"
"17-Mar-2023","EQ","835.00","841.50","823.00","830.55","839.75","837.40","831.96","970.00","618.25","7,762,461","6,458,078,587.60","166,943"
"16-Mar-2023","EQ","821.50","837.90","814.30","824.05","832.50","830.55","826.16","970.00","618.25","8,791,383","7,263,122,832.85","270,432"
"15-Mar-2023","EQ","838.05","843.50","819.35","832.85","822.90","824.05","828.52","970.00","618.25","6,652,641","5,511,867,830.65","166,246"
"14-Mar-2023","EQ","828.00","835.70","817.40","832.35","834.30","832.85","826.69","970.00","618.25","12,573,734","10,394,550,260.65","262,196"
"13-Mar-2023","EQ","845.60","857.00","828.45","851.90","832.00","832.35","840.02","970.00","618.25","8,315,798","6,985,399,708.85","175,088"
"10-Mar-2023","EQ","859.60","861.60","845.50","867.80","851.00","851.90","852.90","970.00","618.25","11,198,583","9,551,257,752.90","179,679"
"09-Mar-2023","EQ","862.50","874.25","862.00","860.95","865.80","867.80","870.33","970.00","618.25","14,746,065","12,833,909,979.65","154,060"
"08-Mar-2023","EQ","858.50","862.50","853.05","859.50","861.30","860.95","857.60","970.00","618.25","8,785,735","7,534,646,787.65","171,724"
"06-Mar-2023","EQ","856.95","863.75","855.60","852.65","859.95","859.50","859.66","970.00","618.25","10,781,567","9,268,483,932.75","165,862"
"03-Mar-2023","EQ","849.75","858.60","845.60","845.45","854.90","852.65","853.45","970.00","618.25","7,977,804","6,808,634,804.80","168,386"
"02-Mar-2023","EQ","866.00","866.80","843.50","865.15","844.00","845.45","850.55","970.00","618.25","13,900,508","11,823,101,800.75","257,701"
"01-Mar-2023","EQ","846.05","868.75","845.05","844.10","864.40","865.15","862.53","970.00","618.25","12,345,125","10,648,021,369.50","221,535"
"28-Feb-2023","EQ","855.95","857.60","840.00","854.35","845.00","844.10","848.23","970.00","618.25","13,012,372","11,037,512,530.45","177,413"
"27-Feb-2023","EQ","851.85","858.45","845.95","851.40","854.00","854.35","853.10","970.00","618.25","8,064,267","6,879,609,625.30","169,993"
"24-Feb-2023","EQ","850.10","854.60","844.45","844.35","849.65","851.40","850.19","970.00","618.25","7,763,814","6,600,708,998.00","170,251"
"23-Feb-2023","EQ","833.05","848.25","830.20","833.35","846.50","844.35","840.49","970.00","618.25","8,437,003","7,091,214,576.90","226,104"
"22-Feb-2023","EQ","840.00","843.00","829.55","844.05","832.35","833.35","834.91","970.00","618.25","6,984,037","5,831,051,834.80","205,666"
"21-Feb-2023","EQ","849.00","849.00","837.40","846.75","843.40","844.05","842.00","970.00","618.25","9,677,064","8,148,130,050.95","204,593"
"20-Feb-2023","EQ","859.70","861.20","842.50","854.90","844.80","846.75","849.72","970.00","618.25","5,992,322","5,091,794,054.00","147,541"
"17-Feb-2023","EQ","861.00","868.25","850.00","864.75","856.50","854.90","859.26","970.00","618.25","8,420,479","7,235,410,479.80","166,323"
"16-Feb-2023","EQ","872.80","874.30","862.25","868.30","862.60","864.75","866.91","970.00","618.25","5,843,235","5,065,582,780.00","163,095"
"15-Feb-2023","EQ","872.00","872.20","861.60","870.75","868.50","868.30","866.67","970.00","618.25","7,322,266","6,345,957,684.60","160,938"
"14-Feb-2023","EQ","862.55","871.90","854.25","859.10","869.10","870.75","863.53","970.00","618.25","7,527,755","6,500,442,064.80","170,109"
"13-Feb-2023","EQ","867.25","870.45","856.50","867.25","858.00","859.10","860.73","970.00","618.25","5,707,194","4,912,330,456.20","156,686"
"10-Feb-2023","EQ","872.05","872.70","865.15","867.70","866.00","867.25","868.20","970.00","618.25","4,603,464","3,996,712,982.20","129,143"
"09-Feb-2023","EQ","876.15","876.15","862.55","871.75","867.30","867.70","867.20","970.00","618.25","5,993,312","5,197,418,814.90","176,299"
"08-Feb-2023","EQ","882.10","886.45","868.25","879.10","871.80","871.75","874.42","970.00","618.25","6,572,818","5,747,379,790.70","174,669"
"07-Feb-2023","EQ","886.85","888.40","871.50","882.65","879.40","879.10","879.38","970.00","618.25","5,055,187","4,445,421,176.35","142,817"
"06-Feb-2023","EQ","871.85","899.15","870.60","882.60","882.15","882.65","888.26","970.00","618.25","10,129,098","8,997,261,263.40","199,769"
"03-Feb-2023","EQ","873.00","885.00","859.25","868.45","881.95","882.60","874.44","970.00","618.25","7,365,732","6,440,885,052.85","202,269"
"02-Feb-2023","EQ","850.95","872.00","837.05","857.25","869.45","868.45","859.98","970.00","618.25","9,567,053","8,227,471,934.75","264,062"
"01-Feb-2023","EQ","876.30","895.20","833.30","871.60","857.30","857.25","872.55","970.00","618.25","12,409,819","10,828,226,729.60","287,952"
"31-Jan-2023","EQ","873.00","879.30","861.10","871.85","871.65","871.60","870.75","970.00","618.25","16,856,151","14,677,535,972.45","332,502"
"30-Jan-2023","EQ","851.90","885.50","846.15","873.75","873.10","871.85","866.52","970.00","618.25","21,233,998","18,399,695,455.60","446,773"
"27-Jan-2023","EQ","892.35","892.50","851.00","892.35","874.00","873.75","870.06","970.00","618.25","17,300,736","15,052,649,408.95","326,106"
"25-Jan-2023","EQ","905.00","907.45","884.20","910.20","893.00","892.35","895.39","970.00","618.25","11,921,748","10,674,665,887.00","224,625"
"24-Jan-2023","EQ","935.00","935.00","903.75","932.70","910.30","910.20","916.33","970.00","618.25","18,527,897","16,977,623,877.20","385,048"
"23-Jan-2023","EQ","936.00","939.70","924.45","930.55","930.00","932.70","932.22","970.00","618.25","5,236,124","4,881,241,388.05","171,818"
"20-Jan-2023","EQ","931.25","934.85","924.65","928.70","929.50","930.55","930.62","970.00","618.25","4,511,360","4,198,347,256.55","123,210"
"19-Jan-2023","EQ","923.60","938.00","920.75","924.00","929.25","928.70","929.97","970.00","618.25","7,721,730","7,180,977,050.05","200,912"
"18-Jan-2023","EQ","921.90","925.60","913.25","917.70","925.45","924.00","920.01","970.00","618.25","5,730,939","5,272,505,587.60","156,462"
"17-Jan-2023","EQ","914.95","919.70","906.70","913.15","918.60","917.70","913.50","970.00","618.25","6,904,960","6,307,663,794.55","173,318"
"16-Jan-2023","EQ","940.45","941.75","911.70","934.15","912.85","913.15","921.48","970.00","618.25","10,008,273","9,222,415,307.55","248,003"
"13-Jan-2023","EQ","935.50","937.45","923.00","935.55","933.90","934.15","930.31","970.00","618.25","9,083,608","8,450,531,726.75","260,249"
"12-Jan-2023","EQ","949.35","949.70","924.00","949.75","935.00","935.55","932.78","970.00","618.25","8,661,375","8,079,129,127.55","190,542"
"11-Jan-2023","EQ","953.00","955.75","942.80","952.15","949.30","949.75","949.11","970.00","618.25","7,100,355","6,739,016,954.65","165,275"
"10-Jan-2023","EQ","964.00","964.00","942.75","958.75","953.00","952.15","951.67","970.00","618.25","7,140,150","6,795,083,848.50","164,023"
"09-Jan-2023","EQ","946.80","960.00","941.35","939.90","957.10","958.75","953.36","970.00","618.25","7,025,747","6,698,047,557.75","168,838"
"06-Jan-2023","EQ","946.55","950.95","934.30","949.55","941.00","939.90","940.49","970.00","618.25","5,787,783","5,443,336,337.10","139,498"
"05-Jan-2023","EQ","960.00","961.90","938.25","957.45","949.00","949.55","948.38","970.00","618.25","6,998,980","6,637,695,128.00","162,367"
"04-Jan-2023","EQ","963.50","970.00","955.00","962.30","958.60","957.45","963.04","970.00","618.25","9,059,392","8,724,557,855.40","216,354"
"03-Jan-2023","EQ","944.75","965.60","942.60","941.60","962.40","962.30","957.10","965.60","618.25","6,927,819","6,630,632,307.00","155,837"
"02-Jan-2023","EQ","932.25","945.00","931.80","933.75","944.95","941.60","938.80","958.90","618.25","3,498,198","3,284,124,090.30","104,517"
"30-Dec-2022","EQ","941.25","943.50","930.35","934.55","934.90","933.75","936.54","958.90","618.25","3,704,449","3,469,367,082.75","103,832"
"29-Dec-2022","EQ","922.80","944.00","915.80","924.70","940.10","934.55","930.17","958.90","618.25","12,204,113","11,351,895,482.05","124,569"
"28-Dec-2022","EQ","930.95","937.45","921.30","932.20","922.30","924.70","930.16","958.90","618.25","5,956,496","5,540,474,228.75","129,500"
"27-Dec-2022","EQ","932.45","937.80","922.60","928.70","933.00","932.20","928.72","958.90","618.25","3,346,083","3,107,581,249.55","145,210"
"26-Dec-2022","EQ","908.00","932.95","905.10","906.60","929.20","928.70","921.09","958.90","618.25","4,764,440","4,388,480,555.90","150,353"
"23-Dec-2022","EQ","912.00","917.25","904.00","919.55","907.20","906.60","909.40","958.90","618.25","6,371,695","5,794,388,371.70","147,699"
"22-Dec-2022","EQ","936.00","936.00","912.95","932.30","917.65","919.55","920.42","958.90","618.25","9,202,717","8,470,363,272.70","166,372"
"21-Dec-2022","EQ","953.10","958.90","928.00","949.75","931.50","932.30","944.84","958.90","618.25","8,368,960","7,907,331,223.75","196,971"
"20-Dec-2022","EQ","943.75","952.75","940.45","946.20","952.15","949.75","946.64","952.75","618.25","9,511,818","9,004,254,576.45","264,560"
"19-Dec-2022","EQ","935.10","948.10","932.40","935.10","948.00","946.20","942.40","950.15","618.25","4,842,336","4,563,419,682.50","186,440"
"16-Dec-2022","EQ","932.25","945.20","929.10","938.15","935.05","935.10","935.69","950.15","618.25","6,926,928","6,481,432,927.25","156,110"
"15-Dec-2022","EQ","939.75","944.95","932.60","942.40","934.35","938.15","939.99","950.15","618.25","7,359,261","6,917,660,944.35","133,654"
"14-Dec-2022","EQ","945.65","950.15","938.50","944.60","942.00","942.40","945.03","950.15","618.25","8,573,479","8,102,206,813.10","154,035"
"13-Dec-2022","EQ","940.20","949.30","936.60","938.65","943.80","944.60","945.18","949.30","618.25","8,136,559","7,690,545,463.70","125,348"
"12-Dec-2022","EQ","929.90","941.15","922.00","933.70","936.20","938.65","934.12","945.00","618.25","7,621,788","7,119,692,049.00","171,503"
"09-Dec-2022","EQ","944.00","945.00","927.60","939.35","931.50","933.70","934.83","945.00","618.25","8,018,981","7,496,394,922.70","179,308"
"08-Dec-2022","EQ","915.65","943.95","913.75","914.65","940.00","939.35","932.85","943.95","618.25","17,466,047","16,293,223,045.65","242,649"
"07-Dec-2022","EQ","902.80","918.00","899.85","904.65","913.00","914.65","910.47","919.95","618.25","9,103,656","8,288,609,561.25","173,940"
"06-Dec-2022","EQ","897.50","906.90","895.70","899.20","906.40","904.65","901.11","919.95","618.25","5,351,099","4,821,913,125.55","119,444"
"05-Dec-2022","EQ","907.00","907.30","897.60","905.15","898.85","899.20","900.55","919.95","618.25","5,098,164","4,591,171,172.40","119,932"
"02-Dec-2022","EQ","898.30","907.00","891.40","903.85","905.05","905.15","898.37","919.95","618.25","7,988,851","7,176,962,931.90","169,729"
"01-Dec-2022","EQ","909.50","909.50","899.50","901.25","901.00","903.85","904.78","919.95","618.25","7,053,100","6,381,476,881.75","170,682"
"30-Nov-2022","EQ","895.00","905.10","885.45","892.55","899.50","901.25","896.60","919.95","618.25","10,452,798","9,371,982,104.85","161,887"
"29-Nov-2022","EQ","894.40","901.90","890.00","891.70","891.40","892.55","896.46","919.95","618.25","5,661,158","5,075,019,756.85","117,998"
"28-Nov-2022","EQ","887.70","899.50","885.30","887.75","892.90","891.70","893.59","919.95","618.25","7,928,147","7,084,490,499.80","171,525"
"25-Nov-2022","EQ","883.00","891.80","880.90","878.55","887.00","887.75","886.70","919.95","618.25","7,614,047","6,751,368,785.05","127,897"
"24-Nov-2022","EQ","878.00","880.80","873.10","874.70","880.60","878.55","877.67","919.95","618.25","4,928,778","4,325,827,928.75","109,108"
"23-Nov-2022","EQ","873.90","877.80","868.75","870.05","874.75","874.70","874.36","919.95","618.25","5,861,417","5,124,989,495.30","156,870"
"22-Nov-2022","EQ","874.95","877.00","868.35","870.05","869.80","870.05","872.23","919.95","618.25","5,535,233","4,828,019,794.45","120,586"
"21-Nov-2022","EQ","860.00","870.95","859.00","859.20","869.30","870.05","866.20","919.95","618.25","7,209,207","6,244,624,208.70","130,334"
"18-Nov-2022","EQ","859.30","865.80","855.00","858.20","859.50","859.20","860.72","919.95","618.25","7,065,304","6,081,238,666.35","127,390"
"17-Nov-2022","EQ","855.40","861.40","852.70","855.40","858.00","858.20","858.13","919.95","618.25","4,909,607","4,213,061,950.65","102,263"
"16-Nov-2022","EQ","858.00","861.60","850.60","858.65","854.30","855.40","855.74","919.95","618.25","6,521,854","5,581,037,417.20","109,700"
"15-Nov-2022","EQ","851.25","859.85","847.20","851.00","859.15","858.65","852.87","919.95","618.25","7,124,767","6,076,508,603.65","121,518"
"14-Nov-2022","EQ","850.50","853.90","847.35","850.70","851.50","851.00","850.23","919.95","618.25","6,985,306","5,939,086,496.15","117,777"
"11-Nov-2022","EQ","847.00","854.70","844.15","843.70","851.95","850.70","850.08","919.95","618.25","19,329,819","16,431,900,484.45","226,709"
"10-Nov-2022","EQ","843.70","856.70","841.00","873.70","841.40","843.70","847.36","919.95","618.25","18,956,575","16,063,067,255.10","248,456"
"09-Nov-2022","EQ","875.05","880.75","868.50","872.95","870.70","873.70","874.95","919.95","618.25","10,190,209","8,915,881,667.55","213,692"
"07-Nov-2022","EQ","876.25","876.80","861.30","868.10","872.10","872.95","869.22","919.95","618.25","9,931,261","8,632,481,814.10","205,758"
"04-Nov-2022","EQ","869.00","872.90","862.30","864.05","868.20","868.10","866.91","919.95","618.25","7,323,879","6,349,163,479.00","137,308"
"03-Nov-2022","EQ","857.90","880.40","856.00","863.55","864.95","864.05","869.29","919.95","618.25","10,185,978","8,854,519,785.10","178,129"
"02-Nov-2022","EQ","875.00","877.00","861.60","871.75","863.05","863.55","866.58","919.95","618.25","11,029,140","9,557,633,798.60","156,484"
"01-Nov-2022","EQ","904.00","904.00","869.00","906.00","871.50","871.75","883.01","919.95","618.25","29,191,921","25,776,809,633.75","310,121"
"31-Oct-2022","EQ","908.00","918.00","902.10","903.05","906.00","906.00","908.83","919.95","618.25","9,038,777","8,214,667,268.45","216,347"
"28-Oct-2022","EQ","915.00","917.95","898.90","915.15","904.50","903.05","906.52","919.95","618.25","7,320,207","6,635,897,716.10","190,469"
"27-Oct-2022","EQ","909.00","919.95","901.25","902.85","916.00","915.15","912.16","919.95","618.25","11,967,044","10,915,890,898.80","398,131"
"25-Oct-2022","EQ","905.70","910.60","891.60","909.45","900.95","902.85","900.03","918.45","618.25","13,187,308","11,869,014,497.25","250,162"
"24-Oct-2022","EQ","916.00","918.45","905.00","900.40","906.95","909.45","911.02","918.45","618.25","3,085,307","2,810,764,121.40","60,927"
"21-Oct-2022","EQ","860.10","906.00","855.85","825.85","904.00","900.40","882.30","906.00","618.25","58,057,724","51,224,382,764.35","681,610"
"20-Oct-2022","EQ","824.90","831.90","816.95","829.85","824.20","825.85","823.01","866.90","618.25","11,813,817","9,722,859,848.80","165,849"
"19-Oct-2022","EQ","818.45","838.45","816.90","816.35","831.15","829.85","830.08","866.90","618.25","10,868,663","9,021,821,939.05","228,987"
"18-Oct-2022","EQ","820.00","822.90","811.55","814.15","815.95","816.35","816.92","866.90","618.25","8,470,882","6,920,025,326.95","170,343"
"17-Oct-2022","EQ","803.50","817.00","797.10","800.50","816.50","814.15","807.49","866.90","618.25","9,463,827","7,641,958,703.60","175,925"
"14-Oct-2022","EQ","815.55","820.70","794.45","802.00","800.95","800.50","807.11","866.90","618.25","8,220,645","6,634,941,576.05","167,604"
"13-Oct-2022","EQ","807.00","814.95","795.60","808.70","805.00","802.00","803.45","866.90","618.25","13,024,911","10,464,902,283.00","250,427"
"12-Oct-2022","EQ","789.50","810.80","783.45","785.55","807.80","808.70","801.12","866.90","618.25","21,228,018","17,006,088,312.90","295,605"
"11-Oct-2022","EQ","780.00","795.50","774.50","776.85","785.00","785.55","787.89","866.90","618.25","15,953,495","12,569,551,720.10","257,378"
"10-Oct-2022","EQ","748.00","778.70","745.00","755.70","778.70","776.85","765.57","866.90","618.25","14,106,654","10,799,641,474.35","201,360"
"07-Oct-2022","EQ","753.80","757.50","742.30","755.10","756.95","755.70","750.33","866.90","618.25","7,500,540","5,627,858,712.60","136,248"
"06-Oct-2022","EQ","750.00","760.40","746.00","742.80","753.10","755.10","754.98","866.90","618.25","9,376,433","7,079,000,222.85","231,061"
"04-Oct-2022","EQ","733.40","744.50","732.00","722.75","742.00","742.80","740.99","866.90","618.25","5,438,934","4,030,218,328.55","191,004"
"03-Oct-2022","EQ","731.00","742.00","721.05","733.20","722.50","722.75","730.02","866.90","618.25","6,405,645","4,676,230,706.00","130,956"
"30-Sep-2022","EQ","720.00","737.75","714.40","719.00","736.00","733.20","728.16","866.90","618.25","9,536,017","6,943,765,913.20","151,675"
"29-Sep-2022","EQ","722.25","730.80","711.00","716.45","717.00","719.00","720.51","866.90","618.25","12,090,981","8,711,644,942.95","169,109"
"28-Sep-2022","EQ","733.90","733.90","707.70","737.50","713.50","716.45","723.03","866.90","618.25","13,170,668","9,522,758,538.20","201,069"
"27-Sep-2022","EQ","746.35","754.15","730.50","742.60","741.05","737.50","739.98","866.90","618.25","11,358,306","8,404,935,403.15","211,748"
"26-Sep-2022","EQ","759.00","763.50","741.00","768.60","743.70","742.60","749.20","866.90","618.25","11,090,327","8,308,836,955.05","228,861"
"23-Sep-2022","EQ","789.00","789.00","764.25","789.20","768.50","768.60","771.02","866.90","618.25","10,278,805","7,925,127,534.65","213,950"
"22-Sep-2022","EQ","805.00","808.80","784.30","806.55","789.85","789.20","793.84","866.90","618.25","7,804,275","6,195,321,376.80","156,003"
"21-Sep-2022","EQ","809.25","816.00","803.35","812.75","806.95","806.55","809.39","866.90","618.25","6,567,084","5,315,346,221.40","132,556"
"20-Sep-2022","EQ","806.80","816.20","802.00","798.10","812.50","812.75","812.79","866.90","618.25","8,274,079","6,725,119,021.85","185,241"
"19-Sep-2022","EQ","789.30","802.00","786.70","789.30","798.90","798.10","796.92","866.90","618.25","11,427,799","9,107,077,473.55","165,269"
"16-Sep-2022","EQ","786.05","792.60","776.10","790.00","788.70","789.30","785.07","866.90","618.25","11,467,351","9,002,685,744.15","185,297"
"15-Sep-2022","EQ","805.50","806.50","787.65","803.05","789.85","790.00","795.56","866.90","618.25","5,996,899","4,770,910,644.10","154,242"
"14-Sep-2022","EQ","794.40","811.35","794.40","805.55","799.55","803.05","803.17","866.90","618.25","10,494,713","8,429,013,688.75","166,037"
"13-Sep-2022","EQ","805.00","808.95","803.15","801.00","807.20","805.55","805.87","866.90","618.25","9,887,516","7,968,039,277.75","134,610"
"12-Sep-2022","EQ","789.00","805.00","786.80","784.85","800.20","801.00","797.99","866.90","618.25","15,521,649","12,386,100,055.60","231,203"
"09-Sep-2022","EQ","787.95","787.95","780.00","779.75","784.00","784.85","784.08","866.90","618.25","8,732,302","6,846,829,859.65","166,918"
"08-Sep-2022","EQ","761.75","782.20","757.10","755.40","781.65","779.75","771.84","866.90","618.25","13,410,790","10,351,043,796.90","216,488"
"07-Sep-2022","EQ","743.15","758.00","739.05","750.00","754.00","755.40","751.06","866.90","618.25","10,156,460","7,628,101,507.70","162,263"
"06-Sep-2022","EQ","758.00","761.55","748.80","756.10","750.45","750.00","755.12","866.90","618.25","7,606,181","5,743,610,063.60","111,452"
"05-Sep-2022","EQ","750.20","758.80","749.35","750.20","755.10","756.10","755.13","866.90","618.25","5,894,055","4,450,772,151.65","102,382"
"02-Sep-2022","EQ","749.00","754.55","740.25","744.15","750.20","750.20","748.46","866.90","618.25","7,767,812","5,813,888,956.60","117,553"
"01-Sep-2022","EQ","733.50","754.90","733.50","751.50","744.65","744.15","745.79","866.90","618.25","9,353,805","6,975,967,234.20","190,088"
"30-Aug-2022","EQ","733.00","753.55","733.00","728.70","751.50","751.50","745.03","866.90","618.25","9,193,270","6,849,246,045.85","150,100"
"29-Aug-2022","EQ","730.00","734.90","722.05","744.90","729.70","728.70","729.48","866.90","618.25","5,904,146","4,306,962,573.60","144,344"
"26-Aug-2022","EQ","748.00","755.00","741.30","743.35","746.00","744.90","747.83","866.90","618.25","4,613,713","3,450,256,419.20","119,831"
"25-Aug-2022","EQ","753.90","758.60","740.00","750.15","740.80","743.35","751.74","866.90","618.25","6,320,890","4,751,670,620.55","121,724"
"24-Aug-2022","EQ","745.00","752.05","742.00","747.05","750.85","750.15","748.09","866.90","618.25","6,875,820","5,143,766,073.70","118,223"
"23-Aug-2022","EQ","738.00","750.85","733.80","741.85","750.00","747.05","740.87","866.90","618.25","6,594,634","4,885,759,653.40","144,581"
"22-Aug-2022","EQ","753.40","754.45","739.20","757.50","744.65","741.85","743.44","866.90","618.25","4,994,311","3,712,958,866.50","123,128"
"19-Aug-2022","EQ","772.00","772.65","750.25","765.05","754.60","757.50","760.62","866.90","618.25","7,553,270","5,745,137,336.90","113,627"
"18-Aug-2022","EQ","772.00","776.00","762.10","772.10","765.50","765.05","768.43","866.90","618.25","9,449,924","7,261,564,693.10","95,616"
"17-Aug-2022","EQ","771.40","773.75","766.25","764.65","771.40","772.10","770.53","866.90","618.25","7,674,390","5,913,321,730.65","114,420"
"16-Aug-2022","EQ","765.00","772.00","758.45","760.55","763.50","764.65","765.32","866.90","618.25","7,051,498","5,396,659,946.30","111,483"
"12-Aug-2022","EQ","758.70","762.00","753.40","758.85","760.00","760.55","758.18","866.90","618.25","4,614,341","3,498,499,772.95","88,338"
"11-Aug-2022","EQ","743.05","760.65","743.05","739.00","758.70","758.85","755.01","866.90","618.25","12,384,073","9,350,082,262.85","193,797"
"10-Aug-2022","EQ","745.00","747.85","736.15","745.55","738.75","739.00","740.34","866.90","618.25","9,069,541","6,714,568,928.75","130,120"
"08-Aug-2022","EQ","730.00","747.35","728.10","728.50","746.00","745.55","741.01","866.90","618.25","8,191,870","6,070,291,507.15","144,979"
"05-Aug-2022","EQ","724.00","731.20","721.20","721.60","728.75","728.50","727.07","866.90","618.25","4,583,196","3,332,311,247.00","100,457"
"04-Aug-2022","EQ","735.20","736.70","712.20","730.50","720.90","721.60","724.32","866.90","618.25","7,466,635","5,408,228,798.95","173,946"
"03-Aug-2022","EQ","730.00","738.50","727.50","730.45","731.00","730.50","731.50","866.90","618.25","9,458,761","6,919,056,593.90","187,036"
"02-Aug-2022","EQ","727.00","734.35","721.10","730.80","727.50","730.45","728.87","866.90","618.25","7,275,626","5,303,021,273.20","143,593"
"01-Aug-2022","EQ","726.00","732.30","720.40","724.75","730.40","730.80","727.99","866.90","618.25","5,493,105","3,998,903,023.80","112,403"
"29-Jul-2022","EQ","733.90","734.95","723.00","725.90","724.50","724.75","727.22","866.90","618.25","6,624,854","4,817,718,151.60","99,776"
"28-Jul-2022","EQ","725.00","733.70","723.05","718.95","725.50","725.90","727.27","866.90","618.25","6,964,838","5,065,349,030.75","143,825"
"27-Jul-2022","EQ","707.95","720.55","703.60","706.45","720.00","718.95","714.20","866.90","618.25","6,106,880","4,361,528,315.20","130,595"
"26-Jul-2022","EQ","722.90","723.45","702.05","727.35","706.40","706.45","711.71","866.90","618.25","14,135,744","10,060,495,619.25","241,332"
"25-Jul-2022","EQ","733.50","738.80","722.50","730.75","726.65","727.35","729.63","866.90","618.25","6,230,411","4,545,876,594.40","116,712"
"22-Jul-2022","EQ","717.00","735.00","715.10","715.55","731.00","730.75","723.24","866.90","618.25","9,713,490","7,025,154,429.35","138,655"
"21-Jul-2022","EQ","707.95","718.45","704.35","705.70","716.00","715.55","712.41","866.90","618.25","8,036,515","5,725,321,051.20","128,186"
"20-Jul-2022","EQ","706.30","714.50","702.70","700.60","703.95","705.70","708.56","866.90","618.25","11,620,331","8,233,737,698.85","167,204"
"19-Jul-2022","EQ","678.60","703.85","678.60","684.50","699.75","700.60","696.39","866.90","618.25","10,171,314","7,083,180,264.15","147,994"
"18-Jul-2022","EQ","668.05","688.00","663.45","662.20","683.50","684.50","673.13","866.90","618.25","12,464,664","8,390,289,461.05","129,818"
"15-Jul-2022","EQ","670.00","674.20","659.10","668.25","662.50","662.20","663.69","866.90","618.25","6,015,057","3,992,137,520.50","109,844"
"14-Jul-2022","EQ","678.60","680.45","665.60","679.90","668.90","668.25","672.01","866.90","618.25","8,026,311","5,393,774,872.90","151,078"
"13-Jul-2022","EQ","680.00","685.00","676.95","676.20","677.15","679.90","681.15","866.90","618.25","9,614,674","6,549,011,401.05","92,618"
"12-Jul-2022","EQ","677.00","685.25","673.00","679.85","674.00","676.20","681.47","866.90","618.25","6,446,810","4,393,280,249.80","146,486"
"11-Jul-2022","EQ","666.55","681.95","665.35","669.15","680.25","679.85","675.62","866.90","618.25","14,864,285","10,042,581,811.25","116,947"
"08-Jul-2022","EQ","667.00","676.80","661.40","658.15","670.50","669.15","669.34","866.90","618.25","12,669,533","8,480,233,554.40","137,171"
"07-Jul-2022","EQ","663.45","664.50","651.65","657.95","659.50","658.15","657.21","866.90","618.25","11,171,714","7,342,165,047.30","125,265"
"06-Jul-2022","EQ","652.00","659.40","651.00","648.50","656.85","657.95","656.06","866.90","618.25","6,684,686","4,385,532,101.40","103,271"
"05-Jul-2022","EQ","656.10","659.90","646.00","654.35","647.30","648.50","654.35","866.90","618.25","5,044,787","3,301,038,262.00","91,834"
"04-Jul-2022","EQ","641.55","655.15","640.50","643.95","654.30","654.35","648.89","866.90","618.25","3,933,384","2,552,324,915.70","100,519"
"01-Jul-2022","EQ","633.00","646.60","631.80","636.80","644.00","643.95","639.96","866.90","618.25","6,549,359","4,191,305,689.30","96,740"
"30-Jun-2022","EQ","624.00","639.30","623.65","625.55","634.90","636.80","635.81","866.90","618.25","10,563,138","6,716,151,308.65","168,855"
"29-Jun-2022","EQ","636.35","637.80","623.50","642.35","624.25","625.55","629.29","866.90","618.25","13,620,084","8,571,013,180.20","209,098"
"28-Jun-2022","EQ","634.00","644.70","632.00","637.10","643.50","642.35","639.34","866.90","618.25","10,711,123","6,848,030,408.15","159,105"
"27-Jun-2022","EQ","644.00","646.90","634.70","634.00","637.50","637.10","638.53","866.90","618.25","4,552,114","2,906,668,615.60","153,037"
"24-Jun-2022","EQ","634.35","642.45","631.65","629.35","634.00","634.00","634.87","866.90","618.25","6,918,584","4,392,388,765.55","188,330"
"23-Jun-2022","EQ","627.40","640.85","618.25","626.80","630.50","629.35","629.43","866.90","618.25","8,450,777","5,319,173,785.45","139,267"
"22-Jun-2022","EQ","632.55","633.65","621.25","636.50","627.40","626.80","626.65","866.90","621.25","5,899,024","3,696,611,236.55","97,921"
"21-Jun-2022","EQ","632.00","645.35","628.15","628.30","635.75","636.50","635.63","866.90","622.20","10,333,886","6,568,508,178.85","132,166"
"20-Jun-2022","EQ","635.25","637.15","622.20","635.20","630.00","628.30","630.33","866.90","622.20","5,305,222","3,344,030,189.05","114,673"
"17-Jun-2022","EQ","630.00","640.80","626.60","634.90","636.95","635.20","634.61","866.90","626.60","6,849,201","4,346,588,166.30","173,512"
"16-Jun-2022","EQ","657.50","658.20","631.05","650.50","634.30","634.90","641.82","866.90","630.05","5,960,283","3,825,448,126.80","225,674"
"15-Jun-2022","EQ","654.00","656.35","647.20","650.75","651.10","650.50","650.33","866.90","630.05","4,638,336","3,016,470,777.45","101,754"
"14-Jun-2022","EQ","645.00","655.70","643.10","648.95","650.90","650.75","649.79","866.90","630.05","5,391,833","3,503,577,106.75","210,705"
"13-Jun-2022","EQ","646.95","652.00","640.10","660.70","650.90","648.95","645.68","866.90","630.05","6,135,431","3,961,510,722.20","277,801"
"10-Jun-2022","EQ","655.50","663.70","652.20","661.30","660.00","660.70","660.56","866.90","630.05","6,758,832","4,464,637,955.15","140,165"
"09-Jun-2022","EQ","656.95","662.75","650.00","658.60","661.85","661.30","655.01","866.90","630.05","5,682,743","3,722,233,988.25","109,366"
"08-Jun-2022","EQ","670.00","673.55","655.45","665.85","658.55","658.60","664.37","866.90","630.05","9,282,494","6,167,015,838.65","146,314"
"07-Jun-2022","EQ","672.20","678.00","661.10","672.20","665.60","665.85","667.43","866.90","630.05","8,312,778","5,548,166,162.15","131,276"
"06-Jun-2022","EQ","677.00","684.00","670.30","677.30","672.35","672.20","676.11","866.90","630.05","6,756,864","4,568,386,259.90","170,493"
"03-Jun-2022","EQ","697.30","698.00","673.15","691.55","679.65","677.30","685.61","866.90","630.05","8,475,726","5,811,022,287.55","168,929"
"02-Jun-2022","EQ","682.00","693.15","682.00","686.05","691.25","691.55","689.01","866.90","630.05","6,347,433","4,373,439,007.25","103,467"
"01-Jun-2022","EQ","683.00","692.45","680.50","685.20","688.00","686.05","687.04","866.90","630.05","6,966,674","4,786,349,946.80","102,039"