order_id,product_id
2,33120
2,28985
2,9327
2,45918
2,30035
2,17794
2,40141
2,1819
2,43668
3,33754
3,24838
3,17704
3,21903
3,17668
3,46667
3,17461
3,32665
4,46842
4,26434
4,39758
4,27761
4,10054
4,21351
4,22598
4,34862
4,40285
4,17616
4,25146
4,32645
4,41276
5,13176
5,15005
5,47329
5,27966
5,23909
5,48370
5,13245
5,9633
5,27360
5,6348
5,40878
5,6184
5,48002
5,20914
5,37011
5,12962
5,45698
5,24773
5,18569
5,41176
5,48366
5,47209
5,46522
5,38693
5,48825
5,8479
6,40462
6,15873
6,41897
7,34050
7,46802
8,23423
9,21405
9,47890
9,11182
9,2014
9,29193
9,34203
9,14992
9,31506
9,23288
9,44533
9,18362
9,27366
9,432
9,3990
9,14183
10,24852
10,4796
10,31717
10,47766
10,4605
10,1529
10,21137
10,22122
10,34134
10,27156
10,14992
10,49235
10,26842
10,3464
10,25720
11,30162
11,27085
11,5994
11,1313
11,31506
12,30597
12,15221
12,43772
12,37886
12,37215
12,34335
12,3164
12,26910
12,38888
12,38050
12,25213
12,11175
12,23390
12,29471
12,43511
13,17330
13,27407
13,35419
13,196
13,44635
13,26878
13,25783
13,41290
13,33198
13,23020
13,36086
13,3800
13,25952
14,20392
14,27845
14,162
14,2452
14,8575
14,41890
14,39475
14,10096
14,23032
14,20995
14,45066
15,19660
15,21195
15,7461
15,2996
15,32463
16,9755
16,25466
16,45437
18,8021
18,34969
18,1000
18,5212
18,36011
18,44632
18,46969
18,27966
18,38985
18,26648
18,48745
18,7948
18,4802
18,28934
18,2116
18,45495
18,32018
18,27644
18,4656
18,9848
18,17568
18,23339
18,7308
18,35547
18,33279
18,46979
18,47766
18,1057
19,42265
19,24838
19,41540
20,35430
20,47485
20,7419
20,5112
20,33452
20,24852
20,42633
20,27605
21,5009
21,33106
21,4149
21,31478
21,25718
22,23909
22,22754
22,24852
22,28993
22,41273
22,23341
22,46941
22,39993
22,19068
22,21410
22,17341
22,40593
22,46979
22,31268
23,25931
23,35163
23,29662
23,26283
23,47766
23,12036
23,13497
23,44953
23,7969
23,8518
23,18689
23,44299
23,8381
23,32205
24,40078
24,9065
24,46175
25,9755
25,31487
25,37510
25,14576
25,22105
25,1934
25,6383
25,39046
25,48171
25,33506
25,30320
25,15925
25,37449
25,48299
26,35951
26,24852
26,46206
26,25890
26,33120
26,21903
26,40545
26,47766
27,13176
27,30442
27,13646
27,21019
27,38226
27,18479
27,47766
27,17794
27,42701
27,21938
27,5373
27,28849
27,41588
27,3382
27,19478
27,28985
27,49383
27,40604
27,8654
27,2447
27,24489
27,26128
27,15527
27,41950
27,20638
27,27451
27,10243
28,35108
28,40593
28,17461
28,22825
28,25256
28,47626
28,37220
28,12980
28,27548
28,45504
28,18531
28,47209
28,24024
28,38544
28,37288
28,31915
29,43352
29,21386
29,13176
29,8571
29,33768
30,48559
30,1158
30,42944
31,48946
31,22935
31,21903
31,31717
31,4920
31,25647
31,49156
31,29926
31,47900
31,9436
32,12384
32,15991
32,13176
32,20995
32,18362
32,35887
32,49683
32,4920
32,28199
33,5699
33,32740
33,8592
33,1446
33,46313
33,19970
33,49390
33,32981
33,40063
35,28413
35,24532
35,14715
35,16974
35,37980
37,35561
37,33059
37,43721
39,48679
39,4605
39,28204
39,21903
39,8385
40,10070
40,42450
40,33198
40,34866
41,27344
41,27355
42,19887
42,33000
42,13176
43,20915
43,21949
43,8817
43,37867
43,12850
43,21553
43,34005
44,31509
44,27979
44,20955
44,383
44,44384
44,28012
44,27356
44,13966
44,2240
44,17341
45,16349
46,36884
46,48183
46,26172
46,4778
46,34519
46,11983
46,18346
46,21067
46,41602
46,27656
46,17417
46,22282
46,47827
46,32917
46,5077
46,4447
46,3703
46,34233
46,28921
46,15364
47,16797
47,39275
47,43352
47,46041
47,29223
48,14129
48,22298
48,17600
48,6141
48,42169
48,12144
48,11403
48,36929
49,3513
49,39276
49,20307
49,19677
50,397
50,34993
50,17183
50,37788
50,1025
50,4799
50,276
51,30274
51,3594
51,14994
51,45433
51,44514
51,32624
51,604
51,21195
51,4493
52,18963
52,24852
52,39408
52,49683
52,4485
53,24852
53,37646
53,47209
53,36606
53,32442
53,14467
53,40706
53,5876
53,22298
53,38827
53,39275
53,38647
53,47626
53,34448
53,46194
54,10833
54,24852
54,34004
54,35430
54,11121
54,36086
54,32971
55,42736
55,8671
55,17872
55,5876
55,27966
55,13176
55,8251
55,24385
55,30391
55,8518
55,32734
55,11520
55,18234
55,32177
55,40709
55,45123
55,3464
55,41950
55,26940
55,6740
55,38315
55,25800
56,7021
56,4799
56,24964
56,11520
56,9076
56,1376
56,47209
56,21903
56,21910
56,34050
57,21903
57,47231
57,21137
57,43122
57,19057
57,47209
57,48857
58,23375
58,2825
58,22825
58,13176
58,26604
58,42265
59,32549
59,46077
59,12902
60,9934
60,22395
60,36929
60,37110
60,13176
60,37646
60,27966
60,17123
60,38777
60,2298
60,48628
60,781
60,13249
60,22935
60,890
60,17794
60,22963
60,44910
61,42265
61,22507
61,4149
61,29127
61,15541
61,13042
61,20940
61,10473
61,17207
61,38928
61,6184
61,16974
62,10017
62,43394
62,37766
62,26209
62,47766
62,28849
62,20114
63,25886
63,41674
63,9327
63,24203
63,34854
63,34640
63,6046
63,287
63,12508
63,13733
64,17889
64,9292
64,15424
64,18988
64,38959
65,19155
65,1940
65,25170
66,3397
66,21955
66,38689
66,45368
66,7658
66,37102
67,13176
67,11422
67,27514
67,46654
67,47993
67,5438
67,46226
67,25670
68,43739
68,17924
68,31805
68,9387
68,196
68,7768
68,17207
68,1629
68,21288
69,43875
69,27845
69,47049
69,8186
69,34134
69,42345
69,28682
69,36342
69,12341
69,11140
69,23060
70,11067
70,11481
70,44008
70,35824
71,10017
71,12023
71,47209
71,41544
71,5876
71,31553
71,31717
71,26209
71,39389
71,44632
72,28204
72,39108
72,4472
72,43950
72,29228
72,42548
72,20588
72,24852
72,47479
72,38515
72,5514
73,28413
73,24125
73,11759
73,21903
74,46667
74,14129
74,11136
74,27247
74,17902
74,45681
74,7715
74,15392
74,12456
74,14540
74,26369
75,25138
75,2361
75,10915
75,39275
75,21616
75,12341
75,33768
75,40709
75,24889
75,5959
75,43889
75,45646
75,44077
75,21019
75,46383
75,25195
76,31974
76,14159
76,33357
76,38996
76,39844
77,49510
77,36481
77,5120
77,43154
77,24184
77,2295
77,8277
77,34969
77,47626
77,15290
77,2979
77,22935
77,30391
77,23233
77,48057
77,31040
77,38944
77,39619
77,38273
77,36550
77,18079
78,32403
78,12899
78,21573
78,32455
78,16797
79,4210
79,4377
79,39461
79,13627
79,13110
79,12397
79,4840
79,11256
80,10761
80,27845
80,42118
80,24852
80,23734
80,2295
80,26604
81,25931
81,43014
81,24838
81,47209
81,15040
81,22867
81,10385
81,21137
81,39928
81,46394
81,44683
82,35417
82,14117
82,3376
82,20520
82,4421
82,39469
82,16797
82,37646
83,13176
83,1087
83,35503
83,4945
83,40587
83,11574
83,37935
83,43352
83,39561
83,2124
83,13292
83,12023
83,4605
83,10060
84,1463
84,11193
84,34423
84,28842
84,13984
84,42300
84,17594
84,34065
84,18306
85,16797
85,19691
85,32259
85,20217
85,21349
85,33776
85,41611
85,34063
85,42240
86,37634
86,36004
86,45253
86,47123
86,32566
86,23115
86,22950
86,17706
87,16797
87,39947
87,31748
87,44119
87,38770
87,49279
87,2707
87,45312
87,40338
87,46881
87,6128
87,13637
87,4105
87,46052
87,8538
88,21616
88,19511
88,47626
88,35628
88,18523
88,24852
88,2067
88,21137
88,43961
88,7485
88,9366
88,47766
88,30442
88,49131
88,46654
88,27690
88,27548
88,1158
88,26252
88,49683
88,15649
88,38400
88,28993
89,17794
89,20600
89,5876
89,37011
89,26648
90,42265
90,33043
90,890
90,44449
90,12797
91,5825
91,44303
91,48784
91,23293
91,42813
91,6218
92,44116
92,21903
92,4793
92,39121
92,29742
92,18288
92,45633
92,2929
92,1376
92,35503
92,14332
92,35704
92,14540
92,25230
92,48385
92,35561
92,1392
92,1374
92,39928
92,21137
92,24852
92,26604
92,49235
92,44375
92,5646
93,13194
93,47226
93,28454
93,33671
93,39620
93,23909
93,39581
93,27323
93,42677
93,4966
93,39408
93,13176
93,29487
93,25727
94,35221
94,16521
94,11520
94,17948
95,9337
95,10121
95,37630
95,22035
95,20379
95,39928
95,12395
95,21137
95,10849
95,47766
95,48464
95,49683
95,48287
95,37158
97,4366
97,17600
97,12276
97,30949
97,46175
97,36772
97,30850
97,44116
97,25451
97,2275
97,28465
97,10761
97,19019
97,33439
97,34565
97,35134
97,38782
97,38090
97,33184
97,1136
97,37460
97,28515
97,4006
97,37867
97,41973
97,27177
97,29963
99,46584
99,38200
99,13991
99,8025
99,32105
99,35176
99,12157
100,19660
100,196
101,6249
101,1408
101,5729
101,9138
101,16570
101,4472
101,21616
101,44926
101,47852
101,3561
101,37825
101,47626
102,29487
102,44625
102,27966
102,24830
102,27104
102,39001
102,19446
102,44570
102,26410
102,37462
103,30850
103,5794
103,1695
103,40386
104,28745
104,22124
104,26604
104,5212
105,1194
105,12276
105,13176
105,27423
105,17600
105,4920
105,28204
105,26790
105,27690
105,42443
105,4210
105,11712
106,4210
106,11210
106,2839
106,19836
106,49505
106,27288
106,23011
106,37449
106,47144
106,22620
106,24184
106,18019
106,19539
106,14168
106,16177
106,21938
106,44455
106,16370
106,27509
106,42548
106,30958
106,4497
106,12945
106,39335
106,46167
106,30413
106,31562
106,38819
106,20114
106,34092
106,5048
106,26179
106,14936
106,5672
107,35535
107,31577
107,47783
107,30391
107,43394
107,16953
107,11513
108,36011
108,21847
108,14872
108,42075
108,38381
108,7751
108,42383
108,5212
108,13708
109,36217
109,8195
109,25146
109,7948
109,4715
109,10616
109,49478
109,18848
109,26165
109,14131
109,19076
109,35871
109,49056
109,31555
109,22894
109,37751
109,42240
109,15452
109,33651
109,36066
109,40310
110,5876
110,35951
110,9450
110,26216
110,21405
110,24852
110,6873
110,34969
110,20114
110,23689
111,16797
111,20574
111,17461
111,15429
111,49683
113,46654
113,35503
113,27171
113,21903
113,19706
113,8193
113,46313
114,24954
114,1688
114,37371
114,5782
114,1263
114,23763
114,24385
114,4495
114,31164
114,31766
115,45504
115,35003
115,48657
115,23955
115,22920
115,23375
115,39636
115,48590
115,37358
115,1186
115,40332
115,49199
116,27104
116,42342
117,2078
117,27756
117,44987
117,27323
117,49465
117,35898
117,40593
117,39481
117,11132
117,20119
117,14947
117,21283
117,31660
117,33351
117,44603
118,8571
118,21292
118,32303
118,16283
119,18908
119,22395
119,23400
119,17206
119,44142
119,29987
119,31506
119,28425
119,12572
120,40545
120,26604
120,28204
120,41273
120,48205
120,42834
120,31323
120,1503
120,46703
120,5068
120,28156
120,26689
120,33120
120,19061
120,39037
120,11022
121,42493
121,13372
121,3696
121,48532
121,38579
122,17794
122,18644
123,44632
123,9839
123,22035
123,16825
123,48246
123,14917
123,46823
123,6692
123,8859
123,37464
123,26604
123,19048
123,49273
123,43908
123,37646
123,28123
123,44683
123,36010
124,44570
124,24630
124,28527
124,21405
124,4853
124,26698
124,11513
124,28990
125,6656
125,22035
125,30489
125,36550
125,17835
125,22963
125,13176
125,49215
125,26282
125,49235
125,43961
125,44359
125,11068
125,43249
125,39619
125,29987
125,17948
125,20549
125,49175
125,35750
125,21777
125,17807
125,23074
125,2002
125,36735
125,1463
126,14650
126,6104
126,7054
126,25890
126,47209
126,24866
127,16797
127,9076
127,23549
127,37052
127,4313
127,25197
127,7644
127,47357
127,45064
127,9515
127,15902
127,39938
128,4421
128,18770
128,24184
128,13176
128,42265
128,16249
128,28278
128,7010
128,41290
128,39984
129,13176
129,35628
129,33454
129,15649
129,26634
129,13198
129,41950
129,24850
129,17471
129,5194
129,38995
129,7067
129,31073
129,47509
129,14715
129,10017
129,43338
129,27845
130,39218
130,4276
130,14357
130,18376
130,24852
130,33232
130,12496
130,8309
130,19057
130,44449
130,34358
130,9436
130,35221
130,3583
131,5876
131,24964
131,31717
131,34126
131,39984
131,45007
131,20869
131,22935
131,26937
131,21174
131,40706
131,21405
131,39475
131,5588
131,42768
131,4544
131,28826
131,29506
132,36640
132,17980
132,8239
132,17830
132,39871
132,19677
132,43295
132,48057
132,33156
132,11447
132,25533
133,48679
133,18670
134,43961
134,17316
134,14852
134,30696
134,169
134,36076
134,30169
134,42460
134,48423
134,45763
134,28156
134,8638
134,5547
134,17029
134,9018
134,25952
134,41970
135,25513
135,40709
135,47866
135,13870
135,21903
135,43513
135,31778
135,16900
135,45951
135,49227
136,47766
136,18465
136,29926
136,11005
138,24363
138,29625
138,22935
138,15995
138,38890
138,28432
139,14678
139,19678
139,22935
139,21903
139,33731
139,2386
140,4516
140,2712
140,44560
140,35042
140,7898
140,43154
140,32655
140,18721
140,22618
141,21131
141,16696
141,43616
141,42972
141,6991
141,1694
141,36316
141,23909
141,34185
141,43693
141,32650
141,30913
141,13641
141,13627
141,10957
142,19348
142,15979
142,20269
142,24186
142,32638
142,46222
142,46261
143,47626
143,15386
143,24852
143,4605
143,8518
143,49098
143,34067
143,36070
143,3148
143,15902
143,45066
143,18498
143,22866
143,24838
143,47185
143,13802
143,12218
143,43183
143,26040
143,46844
143,42352
143,37611
143,14850
143,29529
143,277
144,45437
144,35921
144,43394
144,12384
144,1503
144,24799
144,22474
144,8424
144,46069
144,26047
144,45948
144,19448
144,17794
144,7948
145,31651
145,35898
145,26348
146,12078
146,13575
146,43352
146,21288
146,32303
146,26348
146,41400
146,30591
146,19660
146,16797
146,37710
146,13914
146,24135
147,432
147,26346
147,21938
147,24184
147,4605
147,5605
147,23537
147,12838
147,17794
147,31433
147,31553
147,1360
148,38650
148,25659
148,35951
148,34197
148,11712
148,26940
148,48364
148,21903
148,14881
148,34720
148,1158
148,26606
148,47209
148,21614
149,15383
149,33129
149,2390
150,14127
150,45645
150,21506
151,46931
151,26152
151,48697
151,30486
152,13176
152,6184
152,5161
152,4557
152,40969
153,26620
153,12576
153,40632
153,40599
153,47717
153,33716
153,48493
153,19448
153,23765
154,30489
154,25246
154,41801
154,11806
155,7308
155,10749
155,19048
155,17619
155,18531
155,27243
156,35383
156,13829
156,42719
156,12276
156,46720
157,42768
157,3494
157,1529
157,37193
157,39275
157,13984
157,43789
158,27966
158,16387
158,15712
158,37022
158,49683
158,24852
158,11422
158,47209
159,21616
159,30391
159,17949
159,5479
160,31915
160,21137
160,24390
160,25477
160,25331
161,40310
161,14464
161,34047
161,32691
161,12276
161,48800
161,48097
161,32141
161,17334
162,17560
162,7503
162,38944
162,47766
162,27104
162,45007
162,32959
162,38666
162,26032
162,35750
162,8955
163,21616
163,16185
163,30391
163,33731
163,39877
163,35715
163,13176
163,27966
163,47888
163,26209
163,29077
163,31640
163,4920
163,19240
163,14211
163,26301
163,11520
163,30252
163,30489
164,40332
164,32689
164,47626
164,28985
164,6779
164,39563
165,10017
165,27521
165,13838
165,22921
165,20178
165,34339
165,47626
165,38647
165,13130
166,6690
166,21524
166,25760
166,13536
166,15805
166,11472
166,19850
166,47734
166,17251
167,10957
167,6623
167,19019
167,32303
168,27344
168,41836
168,20580
168,18366
168,19736
168,38145
169,21903
169,45066
169,25370
169,36777
169,25980
169,8021
169,25020
169,8230
169,6341
171,14645
171,48226
172,18441
172,33279
172,22507
172,651
173,42325
173,14409
173,14833
173,34124
173,17419
173,30169
174,24852
174,44422
174,7503
174,43961
174,28204
174,30884
174,11819
174,32016
174,24964
174,1463
174,27104
174,14332
174,41257
174,19184
175,3025
175,5479
175,24852
175,1516
175,12015
175,44349
175,28934
175,11777
175,32433
175,27966
175,44683
175,46346
175,48720
175,28849
176,5876
176,26497
176,17872
176,4675
176,21267
176,22825
176,41588
176,22935
176,5991
176,8518
177,21903
177,40723
177,27531
177,1158
177,37766
177,48299
177,46802
177,38159
177,35055
177,40311
177,5022
177,19906
177,29987
177,9076
177,43352
177,33731
177,24852
178,49235
178,6369
179,40604
179,31040
179,31242
179,30382
179,31343
179,21616
180,37385
180,27521
180,18234
180,35163
180,31717
180,5876
180,24933
180,17948
180,26604
180,22825
180,13176
180,41960
180,5825
180,21938
180,47209
180,16521
180,7079
181,20995
181,35166
181,8903
181,38456
181,24852
181,7461
181,14084
181,33746
183,4305
183,23789
183,6376
183,49628
183,31215
183,11512
183,49247
184,21962
184,24852
184,45265
184,23405
184,23431
184,16797
184,9710
184,1080
185,23165
185,24964
185,39812
185,11520
185,41556
185,27392
185,20899
185,5134
185,37825
185,37029
186,7781
186,44085
186,20082
186,43692
186,14947
186,41351
186,25830
186,28892
186,20314
187,24852
187,30183
187,41351
187,31869
187,6128
187,34862
187,4595
187,16797
187,5077
187,23687
188,26497
188,38275
188,38419
188,1025
188,48679
188,30305
189,35986
189,18718
189,19660
189,2966
189,19894
190,21903
190,34243
190,16797
190,23543
190,3957
190,48104
190,25659
190,22395
190,23400
190,42768
190,22959
191,24325
191,41391
191,29116
191,12811
191,2178
192,5876
192,49476
192,9598
192,18224
192,36082
192,8174
192,12456
192,15700
192,18413
192,19240
192,29117
192,43295
192,47253
192,5677
192,33527
193,12409
193,45946
193,32028
193,21291
193,3873
193,13176
193,35921
193,36646
193,42001
193,3545
193,49075
193,29594
194,3149
194,13514
194,28012
194,1860
194,45
194,16275
194,3990
194,29252
195,13176
195,3066
195,13629
195,33845
195,36522
195,43955
195,11408
195,9366
195,5746
195,4799
195,39329
195,16797
195,38777
195,49683
195,30103
195,34664
195,22654
195,23734
195,32839
195,31343
195,37985
195,38188
195,33043
195,25753
195,34851
196,13740
196,39561
196,49396
196,32293
196,30774
196,21137
196,24838
196,25931
196,33352
196,4562
197,2994
197,21137
197,45535
197,6347
197,46709
197,19660
197,42585
197,30450
197,3142
197,47630
198,33000
198,32374
198,2421
198,20842
198,24852
198,15740
198,45368
198,21417
198,47893
198,27778
199,1503
199,13070
199,23217
199,13176
199,5077
199,15097
199,1688
200,9434
200,196
200,19660
201,28476
201,40486
201,4605
201,8262
201,39507
201,14499
201,15269
201,27323
202,20406
203,26348
204,45368
204,28682
204,29987
204,39812
204,31343
204,38885
205,25146
205,28836
205,5785
206,47626
206,40174
206,16607
206,39928
206,20142
206,41787
206,20211
207,5385
207,27360
207,22128
207,2408
207,7860
207,44337
208,35350
208,36681
208,32429
208,34503
208,1582
208,28632
208,24852
208,36849
208,45066
208,48395
208,36736
208,3880
208,44926
208,34050
209,39409
209,20842
209,16965
209,8021
209,23001
210,47626
210,5479
210,48679
210,44683
210,29650
210,46969
210,45066
210,27104
210,7948
210,5161
210,41757
210,37067
210,26324
210,39261
210,10286
210,10504
210,86
211,46654
211,16797
212,17122
212,21137
212,40120
212,8953
213,46064
213,27156
213,9390
213,9076
213,46802
213,1158
213,28553
213,21077
213,21903
213,24852
213,26165
213,11941
214,5499
214,8424
214,37053
214,24852
214,21329
214,25093
214,25043
214,25890
214,40545
215,49235
215,37215
216,32850
216,49520
216,26521
216,21137
216,10831
216,8667
216,3849
216,14947
217,11262
217,3142
217,1360
219,13176
219,7987
219,21903
219,43352
220,3919
220,11432
220,14992
221,24010
221,4658
221,39097
221,40699
221,5926
221,39046
221,37797
221,4210
221,32156
222,24852
222,47626
222,35522
222,21903
222,25043
222,8424
222,28204
222,45613
222,14267
222,25146
222,42768
222,49667
222,44765
222,38273
222,31343
222,38012
222,35510
222,46993
223,23240
223,24852
223,44799
223,39604
223,46541
223,40733
223,46172
223,47842
223,19953
223,4895
223,33852
223,15483
223,4674
223,5636
223,29487
223,5450
223,41245
223,5025
223,4605
223,1700
223,307
223,14992
223,26283
223,27147
223,6165
223,1181
223,3999
224,47138
224,148
224,1940
224,49235
224,35003
224,33548
224,14910
224,34
224,45681
224,22620
224,19660
224,43409
224,27244
224,46817
224,12863
224,26767
224,21694
225,1559
225,24852
225,21709
225,24041
225,37646
225,8277
225,33100
225,47087
225,14947
225,36011
225,32655
227,45066
227,9551
227,25919
227,31624
227,32784
227,36070
228,24489
228,30391
228,7577
228,43086
228,36183
228,36406
228,36070
228,21174
228,23054
228,47439
228,45368
228,34217
228,45613
228,890
228,28849
228,49175
228,7628
228,24964
228,41953
228,46206
228,48716
228,8728
228,47209
228,13176
228,19709
228,25122
228,36550
228,16757
228,34224
228,27966
228,29180
229,21108
229,34276
229,27730
229,42495
229,11782
229,41690
229,17821
229,18266
229,25435
229,14579
229,40824
230,46667
230,26384
230,4925
230,41177
230,32689
230,34126
230,36953
231,46666
231,40203
231,45896
231,14464
231,36307
231,44254
231,25830
231,23621
231,14875
231,27845
231,10673
231,26552
231,8572
231,4932
231,8409
231,1197
231,32265
231,44234
231,26824
231,11381
231,21281
231,28569
231,4798
231,29471
232,17835
232,40501
232,13176
232,39534
232,27086
232,44204
232,10132
232,4792
232,7521
232,29558
232,39055
232,29142
232,28745
232,21137
232,17794
232,8193
232,22935
232,37458
232,45633
232,37220
232,22504
232,44293
233,9076
233,43352
233,21288
234,46313
234,33401
234,8424
234,24964
234,39275
234,24489
234,19019
234,2086
234,4208
234,46372
235,10749
235,29447
235,19816
235,12099
235,13176
235,44632
235,10070
235,30233
235,15290
235,25824
235,44090
235,41623
236,44632
236,6218
236,24838
236,44257
236,45645
236,31824
236,25890
236,21616
236,45066
236,41774
236,10132
237,47626
238,9124
238,35503
238,34217
238,23417
239,22959
239,24838
239,37646
239,36764
239,35921
239,41844
239,13740
239,47209
239,48679
239,9339
239,29118
239,35750
239,34126
239,16744
239,5194
239,19382
239,21903
239,27544
240,35121
240,29127
240,27985
240,14129
240,46720
240,18880
240,4889
240,9076
240,2846
240,24010
240,29978
240,39275
240,8639
240,5258
241,47626
241,46979
241,40332
241,39046
241,23623
242,19691
242,16797
242,13176
243,22281
243,37890
243,42450
243,41213
243,37067
243,45200
244,22935
244,35921
244,31506
244,48679
244,8412
244,45066
244,43122
244,19208
244,47209
244,7014
245,32455
245,10509
246,36550
246,5785
246,34557
247,2979
247,30135
247,2969
247,28058
247,16262
247,5801
247,6106
247,31596
247,29683
247,39239
247,4496
247,34688
247,11051
247,4422
247,49185
247,23204
248,7963
248,38508
248,22963
248,21903
248,44359
248,19057
248,30718
248,33911
248,36714
248,9689
248,26476
248,37630
248,21653
248,8021
249,27307
249,13535
249,18908
249,35767
249,42719
249,41950
249,21616
249,14159
249,8955
249,10644
249,7806
249,8021
249,30290
250,17902
250,38775
251,12409
251,21903
251,30391
251,46667
251,23178
251,13176
251,21616
251,8518
251,22935
251,7179
251,7936
251,5876
251,1158
251,5652
251,48679
251,24838
251,26606
251,6160
251,8774
251,44910
251,26369
251,43789
251,31717
251,3464
251,23375
252,11512
252,39984
252,46886
252,39599
252,39190
252,10749
252,14814
252,31717
253,46667
253,25256
253,47868
254,44275
254,27966
254,27695
254,45840
254,4957
254,5077
254,13176
254,17949
254,22035
254,21137
254,26329
254,5134
254,1194
254,40706
254,10753
254,16254
254,44560
254,37766
254,38293
254,5240
254,1408
254,18471
254,32578
254,26790
254,11130
254,48953
254,33731
254,47521
254,7021
254,43904
254,47629
254,35688
255,30945
255,31748
255,16508
255,47479
255,42085
255,34279
255,47565
255,44731
255,34358
255,872
255,29156
255,42345
255,47049
255,23527
255,24852
256,19348
256,47993
256,28842
256,2180
256,44142
256,48174
256,43205
256,43875
256,47888
256,47366
256,47052
256,3808
256,45607
256,16556
256,29821
256,36533
256,43958
258,24852
258,9387
258,22825
258,46969
258,3085
258,16797
258,39275
258,6348
258,27086
258,46676
258,33754
258,18523
258,47029
258,48726
258,45066
259,3957
259,1169
259,43295
259,6568
259,6287
259,20947
259,17333
259,20794
259,44632
259,44422
259,11688
259,22227
259,33462
260,37011
260,29930
260,20589
260,46823
260,42585
260,23634
260,24852
260,49683
260,41453
260,36023
260,9809
260,18583
260,44042
260,36956
260,21227
260,7542
261,25890
261,16185
261,46654
261,24009
261,28156
261,46906
261,18567
261,49533
261,19348
261,17638
262,23339
262,34969
262,24561
262,6677
263,34368
263,4180
263,42431
263,37449
264,39023
264,14897
264,31553
264,47865
265,13838
265,27845
265,13176
265,41658
265,18370
265,3896
265,10768
265,33731
265,12745
265,32689
265,21137
265,43352
265,26604
265,38772
265,20431
265,29898
265,17224
265,38656
265,18281
265,19678
265,21162
265,2141
265,1347
265,42701
265,18200
265,13776
265,27626
265,4920
265,9806
265,7021
265,46667
265,31717
265,32656
265,5373
265,21927
265,22935
266,41950
266,15923
266,24186
266,34126
266,14005
266,45854
266,39772
266,43183
266,34358
267,39877
267,30707
267,22825
267,35264
267,21137
267,42768
267,39180
267,8518
267,26369
268,44340
269,35715
270,22275
270,14999
270,21641
270,33189
270,30776
270,32109
271,21372
271,42117
271,5334
271,20112
272,35752
272,2119
272,24279
272,3308
272,47772
272,1583
272,37886
272,33109
272,812
272,31377
272,17615
272,33184
272,34931
272,10897
272,19003
272,41729
272,4920
272,1022
272,36086
272,21288
273,15131
273,16615
273,12305
273,17896
273,19674
273,45877
273,35298
273,5782
274,48094
274,24852
274,27156
274,28204
274,31506
274,17872
274,35535
274,5337
274,32760
274,13198
274,41238
274,34530
274,18963
275,24852
275,8277
275,4799
275,33731
275,27156
275,22853
275,37270
275,20995
275,22031
275,9755
275,47042
275,28986
275,17284
276,47672
276,37158
276,21938
276,14678
276,34243
276,24497
276,18242
276,28553
277,21903
277,6383
277,21616
277,41148
277,49610
277,49683
277,28581
277,15290
277,43768
278,15269
278,47626
278,42495
278,9387
278,41264
278,3880
279,22959
279,24852
279,43014
279,23630
279,27122
279,2002
279,19156
279,24489
279,17948
279,34684
279,436
279,21903
279,47626
279,17794
279,35887
280,29672
280,432
280,23102
280,44765
280,19057
280,30233
280,47766
280,22035
280,21137
280,17708
280,25936
280,36792
280,2732
280,21607
280,38293
280,8518
280,13176
280,31238
280,45002
280,17284
280,9521
280,6046
280,7358
280,13829
280,44359
280,31717
280,21387
280,17600
280,10126
281,43379
281,26209
281,24852
281,47766
281,15290
281,30391
281,26800
281,21903
281,20163
281,45066
282,2727
282,21338
282,23767
282,43892
283,21883
283,41273
283,41131
283,4187
284,7175
284,3142
284,35461
284,48720
284,43154
284,24964
284,14852
284,36322
284,45767
284,13176
285,31343
285,49247
285,49075
285,812
285,3599
285,16825
286,10102
286,5450
286,11182
286,24184
286,24852
286,41950
286,13966
286,22699
286,47144
286,23909
286,20166
286,43352
286,14161
286,49683
286,12032
286,32528
287,12206
287,29987
287,23909
287,21927
287,41220
287,28071
287,41290
288,24852
288,9387
288,47492
288,14870
288,31553
288,38281
288,17948
288,17794
288,49683
288,28985
288,10749
288,42585
288,34099
289,6111
289,1234
289,37646
289,42701
289,12341
289,2664
289,25821
289,39200
289,48775
289,27117
289,48946
289,920
289,18254
289,17025
289,34134
289,18079
289,10749
289,4001
289,9808
290,14722
290,46676
290,32331
290,43772
290,2172
290,8214
291,16150
291,19213
291,39732
291,24852
291,3090
291,7350
291,3957
291,27966
292,21137
292,28199
292,8174
292,13176
292,47209
292,24768
292,21872
292,6873
292,47734
292,17948
292,10305
292,36848
292,29388
292,48179
293,48109
293,16549
293,24499
293,23836
293,48857
293,42736
293,19660
293,44661
293,34605
293,16611
293,31662
293,2228
293,48179
293,258
293,16262
293,21108
293,36481
293,21092
294,19934
294,9779
294,47119
295,19437
295,9839
295,261
295,432
296,15261
296,8518
296,14578
296,6287
297,28079
297,40898
297,20255
297,17484
297,26317
297,30385
297,27845
297,27104
297,46979
297,4605
297,4853
297,47766
297,28993
297,45
297,28849
297,41658
298,49026
298,19794
298,15518
298,15984
298,24859
298,46822
299,43154
299,14161
299,26604
299,39275
299,16797
299,12341
299,10326
300,47766
300,21903
300,47780
300,31553
301,36406
301,25010
301,45603
301,2966
301,35942
301,24549
302,49235
302,28427
302,47144
302,20463
302,1940
302,1181
302,4377
302,6473
302,8953
302,30391
302,22034
302,4086
302,260
303,42224
303,6184
303,13176
304,13198
304,28934
304,49683
304,13646
304,10305
304,29941
305,36372
305,44632
305,21709
305,2717
305,22556
305,17191
305,31964
306,35561
306,46955
306,45007
306,19057
306,39560
306,12144
306,25715
306,45633
306,27966
306,5785
306,13176
306,162
306,45767
306,35851
306,48726
306,4663
306,47144
307,15541
307,26152
307,10246
307,196
307,19660
307,18067
308,17025
308,32134
308,20574
308,12614
308,24852
308,45066
308,9076
308,8518
308,41220
308,18027
308,19019
309,13255
310,44042
310,44799
310,23909
310,21938
310,16464
310,7326
310,20031
310,32433
310,48702
310,42215
310,17322
310,39735
310,35825
310,48927
311,30233
311,13176
311,23801
311,42265
311,38837
312,39898
312,54
312,35359
314,27086
314,19398
314,20299
315,32429
315,39408
315,21137
315,43352
315,39275
315,18721
315,41376
315,26604
315,47766
315,15462
315,17616
315,45840
315,45724
315,47626
315,6184
315,23029
315,7781
315,3631
315,38777
315,40469
315,6587
315,45692
315,22525
315,13740
315,42383
315,48666
315,34941
315,42342
315,42327
315,12639
315,21511
315,47740
315,21272
315,6074
315,45681
315,46175
315,36115
315,45161
316,5258
316,31805
316,196
316,12341
316,21573
316,36051
316,19828
317,42450
317,42768
317,45007
317,47626
317,46969
317,18078
317,33294
317,27104
317,43673
317,2380
317,32256
317,24184
317,29079
317,45578
317,47734
317,49588
317,25005
317,47993
317,12276
317,36639
317,30953
318,21616
318,27939
318,22963
318,24830
318,21661
319,5337
319,13176
319,30827
319,38768
319,17207
319,41787
319,9387
319,39408
319,2515
320,39947
320,39275
320,14218
320,39032
320,16797
320,40348
321,21497
321,31683
321,33674
321,44661
321,24852
321,12099
321,21137
321,7781
321,27845
321,16885
321,28993
321,9808
321,42265
321,45066
321,4799
321,30489
321,27113
321,20040
321,21376
321,21850
321,2081
321,9076
322,13819
322,432
322,19311
322,36646
322,28842
322,41259
322,4605
322,46526
322,37011
323,47209
323,4451
323,24852
323,17027
323,27548
323,39121
323,21267
323,30442
323,14872
323,22888
323,6873
323,8277
324,32538
324,16797
324,19660
325,8559
325,8781
325,8671
325,27178
325,23405
326,429
326,35042
326,21010
326,27985
326,23219
326,43565
326,21491
326,5603
326,15290
326,11422
326,23102
326,22312
326,43742
326,2225
326,30623
326,5913
326,39477
327,19660
327,11974
327,26410
327,41621
327,33120
327,23459
327,32373
327,44683
328,43394
328,21137
328,13740
328,9438
328,15011
328,27845
328,24157
328,2237
328,5818
328,41165
328,35004
329,24852
329,33793
329,4210
329,11821
329,5077
329,19125
329,47660
329,2050
329,27681
329,47766
329,12621
329,48746
329,36291
329,16897
329,49621
329,46473
329,40319
329,33184
329,16219
329,38100
329,14290
329,22774
329,42736
329,39054
329,2350
329,23734
329,46654
329,45104
330,24024
330,10586
330,40761
330,20574
330,46802
331,44632
331,38456
331,25146
331,30884
331,17570
331,18105
331,6846
331,19125
331,17535
331,46257
331,38941
331,29256
331,19129
331,33198
331,28985
331,42731
331,37892
331,7628
331,34969
331,45
331,7419
331,41771
331,35072
331,38562
331,13176
331,47626
331,31553
331,15945
332,24852
332,28156
332,2962
332,28842
332,41352
332,18761
333,30169
333,46676
333,24838
333,39581
333,2091
333,12817
333,6991
334,28
334,40574
334,32544
334,34027
334,39407
334,17505
334,2966
335,16462
335,30442
335,42736
335,8277
335,27966
335,16797
335,38456
335,45007
335,21295
335,47766
335,24184
335,5134
335,30489
335,25936
335,691
335,8467
335,21302
336,6187
336,25146
336,8022
336,42342
336,9407
336,28204
336,19559
336,45681
336,31433
336,16083
336,24852
336,24964
336,17794
336,18656
336,18200
337,9839
337,27086
337,16773
337,21903
337,45437
337,47144
337,39409
337,8277
337,20345
337,43802
337,43192
337,46049
337,47668
337,4656
337,48171
337,37158
337,10166
337,26346
337,42736
337,43713
337,24852
337,48450
338,24852
338,43352
338,35221
338,11689
338,25197
338,15955
338,31268
338,3856
338,47626
338,26209
338,19348
338,33548
338,22298
338,37671
338,40742
338,12341
338,45066
338,33129
338,13823
338,38905
338,16797
338,1437
338,17341
338,17149
338,1737
338,15130
339,27639
339,30353
339,13176
339,11520
339,5456
339,45007
339,19678
340,26604
340,4945
340,2295
340,31504
340,14643
340,8277
340,13198
340,27845
340,8424
340,30994
340,4920
340,3874
340,25824
340,37119
340,33593
340,45681
340,1215
340,37029
340,49683
341,26165
342,36406
342,46906
342,12075
342,38809
342,19635
342,7139
342,37665
342,1450
342,39877
342,30169
342,33754
343,24852
343,16507
343,22825
343,17219
343,27845
343,3081
343,43428
344,7693
344,49520
344,35221
344,24152
344,42137
344,29689
344,47815
344,31992
345,1498
345,44843
345,49363
345,3996
345,1200
345,17505
345,8732
345,13287
345,14168
345,14705
345,17600
346,18523
346,47209
346,33787
346,33754
346,45104
346,34358
347,30776
347,48559
347,49026
347,27966
347,21903
347,44359
347,18689
347,47209
347,32864
347,24889
347,43086
347,17304
347,17948
347,1158
348,19348
348,8153
348,21573
348,9387
350,13176
350,5785
350,23288
350,44632
350,20119
350,2825
350,28156
350,22963
350,47209
350,5212
350,39877
350,22825
350,43122
350,23029
350,19987
350,37646
350,30529
350,8912
350,16384
350,39035
350,32647
351,33731
351,4799
351,35749
351,20791
351,41621
351,24841
351,10199
351,40215
351,22548
352,31915
352,47209
352,10749
352,13176
352,36606
352,13497
352,25533
352,35898
352,26452
352,4605
354,43352
354,47626
354,8174
354,23341
354,16219
354,17914
354,196
354,13966
354,31683
355,33548
355,44156
355,24852
355,21925
355,28204
355,7736
355,23296
355,23106
355,33791
355,20561
355,12524
355,40332
355,287
355,10995
355,13733
355,34619
355,16826
356,790
356,22556
356,13176
357,9852
357,26497
357,41176
357,44142
357,17389
358,907
358,769
358,48762
358,38775
358,45004
359,18770
359,39180
359,27086
359,39947
359,33731
359,44632
359,11941
359,22935
359,21709
359,28278
359,21267
359,26209
359,8087
359,22825
359,21903
359,39877
359,6873
359,3339
359,46979
359,18908
359,33401
359,3849
359,29898
359,27156
359,25659
359,37158
359,9515
360,742
360,29694
360,38051
360,16823
360,44580
360,42585
360,22234
360,35417
360,30489
360,43961
361,32433
361,28934
361,34358
361,46667
361,31717
361,20114
361,16759
361,391
361,36389
361,33746
361,41259
361,33294
361,18027
361,24852
361,8479
361,2846
361,17600
361,9076
361,10025
361,22307
361,39561
361,34448
361,48190
361,21137
362,10339
362,49519
362,48453
362,22832
362,48210
362,4455
362,1450
363,39877
363,13176
363,35140
363,36036
363,27999
363,30427
363,5876
364,13984
364,45007
364,39877
364,21903
364,5785
365,25466
365,14240
365,42265
366,3849
366,47209
366,21137
366,35951
366,9550
366,39905
366,38777
366,30391
366,41858
367,27845
367,24852
367,26384
367,26209
367,16908
367,47766
367,22170
367,28682
367,45066
367,24841
367,1935
367,21326
367,48628
367,46667
367,49481
367,46107
367,16797
367,23074
367,24231
368,31553
368,33772
368,23687
369,36051
369,19887
369,17122
369,37687
370,9690
370,41658
370,22935
370,27845
370,47553
370,49533
370,7021
370,41909
371,24852
371,27086
371,46820
371,21709
371,3952
371,21903
371,46620
371,46979
371,23094
371,2295
371,44765
371,18232
371,13877
372,18656
372,25824
372,45
372,8177
372,30305
372,39922
372,6015
373,47337
373,5097
373,41722
373,12218
373,35042
373,31022
373,40348
373,19461
374,38159
374,26606
374,5785
374,39527
374,43154
375,7559
375,2581
375,43122
375,1846
375,23516
375,38274
375,37642
375,8518
376,2716
376,47029
376,45210
376,35851
376,8277
376,16462
376,890
377,19678
377,21405
377,38383
377,38153
377,28928
377,18288
377,26032
377,29228
377,13805
377,33000
377,14129
378,13249
378,43693
379,12606
379,5450
379,46823
379,310
379,14678
379,26128
379,13176
379,44643
380,21137
380,21903
380,34358
380,42768
380,24852
380,39993
380,46906
380,27730
380,44479
380,46654
380,19508
380,3376
380,25890
380,35784
381,46123
381,33731
381,38689
381,6519
381,2966
381,21560
381,5479
381,27864
381,43961
381,2086
381,44449
381,30953
381,5383
381,32299
381,47209
381,41658
381,19019
381,5959
381,24382
381,35108
381,18564
381,40001
382,33198
382,31801
382,9038
382,21137
382,19660
382,7963
382,47717
382,45066
382,25256
382,9322
382,35628
382,22227
382,23630
382,27959
382,10212
382,21405
383,3678
384,30233
384,17619
384,26313
384,26209
384,33106
384,28842
384,13176
384,13866
385,28050
385,39619
385,18531
385,48679
385,8021
385,2086
387,12916
387,2457
387,13032
387,40688
387,39275
387,16797
387,32538
387,35561
387,19380
387,32403
387,19887
388,21841
388,30776
388,3957
388,8424
388,650
388,28360
388,15937
388,24964
388,34243
388,46667
388,20114
388,31717
388,4605
388,26209
388,8736
388,45603
388,44283
388,29871
388,10482
388,44257
388,32981
388,43961
388,17872
388,6740
388,45007
389,11781
389,16856
390,19660
390,34197
390,35503
390,3957
390,24447
390,39108
390,33198
390,1639
390,12039
390,3631
390,35628
390,8575
390,47042
390,29662
390,27925
390,44479
390,31717
390,7185
390,40996
390,14881
390,24964
390,8006
390,40706
390,26940
390,41065
390,29594
390,25005
390,33120
390,24830
390,2825
390,38274
390,22504
390,23516
390,5449
391,40910
391,9175
391,31299
391,8668
391,22233
391,36227
391,40285
391,44632
392,13944
392,28931
392,19309
392,17084
392,22915
392,16020
394,2855
394,26088
394,20955
394,42282
395,24852
395,35321
395,15319
395,3896
395,46616
395,30489
395,20114
395,24184
395,25513
395,20549
395,21616
395,40604
395,32284
396,26165
396,28990
396,8460
396,28511
396,8193
396,29487
396,44042
397,35547
397,47626
397,26209
398,39108
398,7781
398,18465
398,28985
398,30305
398,45007
398,16249
398,19906
398,7058
398,44683
398,38996
398,44234
398,24852
398,30620
398,41950
398,890
398,18880
398,7364
398,36070
398,25919
398,44142
398,3913
398,9076
398,43086
399,26369
400,37912
400,37766
400,5161
400,5785
400,43122
400,25340
400,41315
400,45066
400,28790
400,13176
400,37011
400,22935
400,17794
400,44359
400,7021
400,41544
400,39812
400,35333
400,34126
400,37508
400,43713
400,40377
400,18465
401,12863
401,13263
401,39009
402,14870
402,17594
402,25013
403,20119
403,26620
403,24852
403,22124
403,22035
403,432
403,6348
403,39475
403,25718
403,21709
403,35168
403,7969
403,47209
403,24964
403,41665
403,34401
403,42701
403,45007
403,33401
403,43789
403,32433
403,21903
403,41787
404,16797
404,39408
404,25802
404,21292
404,12341
404,43352
405,37687
405,25670
405,27307
405,13176
405,21709
405,459
405,23383
405,47792
405,47209
405,38647
405,11980
406,27596
406,37464
406,27344
406,21267
406,21841
406,6615
406,18441
406,5337
406,43713
406,13176
406,16349
406,46346
406,45957
406,25588
406,32850
406,4421
406,1376
406,23516
406,39619
406,11644
406,30336
406,24009
407,47672
407,30233
407,11777
407,27511
407,44142
407,11512
408,42004
408,24852
408,3529
408,33827
408,14421
408,39647
408,25918
408,5025
408,215
408,20370
408,42964
408,39097
408,20815
408,43568
408,19389
409,24852
409,18523
409,22124
409,26604
409,29487
409,9076
409,20754
409,49520
409,32747
410,49175
410,6292
410,40054
410,14764
410,6210
410,7010
410,25659
410,48104
410,34126
410,17794
410,46667
410,35595
410,18918
410,21195
411,20995
411,19677
411,21108
411,20899
411,34243
411,16823
412,1729
413,581
413,24852
413,25890
413,26620
413,41220
413,35221
413,26209
413,35939
413,28842
413,24184
413,46979
413,21903
413,43295
413,42342
413,32398
413,1483
415,16939
415,45064
415,11154
415,9605
415,6187
415,27801
415,22620
415,40002
415,18987
415,28473
415,15359
415,27243
415,42620
415,2525
415,15417
415,3518
415,40424
415,29196
415,16185
416,30639
416,27817
417,30450
417,4149
417,17207
417,22610
417,6793
419,31964
419,34276
419,1891
419,31510
419,36737
419,6606
420,34824
420,24964
420,35939
420,7456
420,41920
420,47209
420,26769
420,9327
420,6020
421,2855
421,28204
421,17666
421,27344
421,27690
421,40229
421,46584
422,13221
422,19678
422,31995
422,25718
422,6948
422,20280
422,48720
422,24964
422,26800
422,31506
422,20015
422,35815
423,24852
423,6278
423,14159
423,42538
423,29615
423,44042
423,12782
423,7241
423,24504
423,6052
423,25830
423,42736
423,5884
423,25804
423,47185
423,12807
423,26767
423,39910
424,31651
424,27839
425,33290
425,26499
425,18465
425,11068
425,16185
425,21681
425,16797
425,45066
425,22825
425,47209
425,16466
425,40982
425,46352
425,38533
425,34427
425,49235
426,47209
426,26209
426,8518
426,35939
426,34969
426,34358
426,31717
426,47719
426,5514
426,27966
426,37646
426,22113
426,44632
426,432
426,16797
426,31683
426,39275
426,20995
427,5102
427,35383
427,43461
427,41277
427,3039
427,13194
427,29698
427,5199
427,29881
427,4210
428,46822
429,37993
429,47083
429,18201
429,204
429,45664
429,23782
429,36545
429,19366
429,22031
429,48885
429,5251
429,19445
429,8136
430,13176
430,28204
430,8277
430,48110
430,47209
431,27690
431,13176
431,28054
431,5077
431,27464
431,10749
431,49235
431,22582
431,15950
431,43768
431,21137
431,28204
431,43122
431,21938
431,21903
431,27156
431,4487
431,12597
431,5994
431,46979
431,31927
431,13829
431,14553
431,47759
431,49267
431,8193
431,47626
431,25005
431,22935
431,44359
431,22849
431,11992
431,37029
431,46993
431,22720
431,13280
432,35951
432,47626
432,17795
432,36695
432,27104
432,22935
432,34243
432,25272
432,35163
432,42768
432,25931
432,30975
432,12113
432,5025
432,14704
433,41290
433,27845
433,44560
433,13838
433,24411
433,29662
433,19057
433,13802
433,6873
433,43768
433,36695
434,4781
434,18656
434,29675
434,13780
434,5769
434,22935
434,9036
434,45066
434,30290
434,16145
434,20316
434,7485
434,17200
434,12409
434,20957
434,39971
434,43086
434,42265
435,23288
435,14399
435,8193
435,24846
435,3631
435,4781
435,9028
435,46616
435,36070
435,46372
435,8424
435,13176
435,29307
436,8021
436,19990
436,32689
436,33731
436,23115
436,32869
438,47402
439,5782
439,32211
439,45064
439,2525
439,12606
439,42147
439,6128
439,45938
439,940
439,42184
439,41523
439,26209
439,22282
439,44224
440,23909
440,1376
440,46331
440,21137
440,27548
440,21949
440,38374
440,45541
440,3667
440,4486
440,20039
440,40329
440,27307
440,21616
440,45200
440,9472
441,48665
441,35378
441,9387
441,17794
441,9824
441,1281
441,43329
441,8747
441,49203
441,45656
441,32030
441,13544
442,17872
442,39732
442,40031
442,47766
442,27845
442,44765
442,4421
442,35951
442,9385
443,8056
443,11520
443,2480
443,22825
443,36913
443,41340
443,2269
443,16501
443,33946
443,39013
444,22952
444,10504
444,35042
444,38230
444,46720
444,12382
444,26318
444,2918
444,15333
444,32655
445,7862
445,13097
446,28442
446,19624
446,48519
446,26209
446,49605
446,3947
447,21162
447,18176
447,22935
447,25659
447,18434
447,24964
447,4855
447,39877
447,19678
447,11112
448,29987
448,32812
448,21019
448,24852
449,21195
449,10258
449,7751
449,17862
449,17902
449,43371
449,43692
449,42475
449,11759
449,12271
449,13535
449,21292
449,8571
449,12732
450,18673
450,14519
450,20747
450,42677
450,47657
450,16170
450,43502
450,32300
450,39891
451,24852
451,28204
451,4920
451,46906
451,38383
451,26209
451,31717
451,10017
453,26165
453,39108
453,34448
453,38739
453,7043
453,11352
453,3382
453,34065
453,43713
453,49533
453,8025
453,878
453,27735
453,9424
453,895
453,37067
453,18135
453,23537
454,14074
454,48925
454,15366
454,12004
454,38837
454,34939
454,47766
454,23634
454,29487
454,31612
454,32734
454,26751
454,5640
454,13870
454,31258
454,23094
454,42265
454,20119
454,16848
454,20995
454,36149
454,41844
454,45788
454,16174
454,13712
454,28123
454,37766
454,7969
454,2086
454,19468
454,8021
454,20580
454,1618
454,46206
454,19057
454,23125
454,8774
454,34217
454,21002
454,46979
454,5994
454,26010
454,16710
454,48957
455,20738
455,24852
455,5991
455,14467
457,22882
457,27966
457,32566
457,32239
457,26209
457,3308
457,18523
457,14999
457,21883
457,47141
457,41273
457,9387
457,5068
457,46572
457,47862
457,39646
458,22935
458,5450
458,18479
459,36070
459,49683
459,33846
459,27435
459,42633
459,9387
459,47626
459,30756
459,43295
459,16797
459,11777
459,14320
459,22129
459,48123
459,16325
459,31553
459,34126
459,2966
459,45116
459,18891
459,41058
459,43530
459,12548
459,6631
460,39993
460,28601
460,6719
460,14705
460,41238
461,47209
461,26209
461,29315
461,32156
461,39351
461,37320
461,11821
461,723
461,46175
461,25745
461,6414
461,15638
461,22717
461,39620
461,47962
461,32133
461,1138
461,10321
461,21781
461,44925
461,38407
461,1313
461,19068
461,41065
461,19048
461,37646
461,47626
461,38889
461,40997
462,42536
462,26949
462,47766
462,21137
462,39275
462,12932
462,43961
462,16848
462,47059
462,47222
462,40396
462,40709
462,36397
463,36051
464,432
464,24852
464,28842
464,26209
464,27086
464,5025
464,20114
464,3896
464,32429
464,22210
464,22969
464,36085
464,13025
464,16508
464,27521
464,21162
464,4605
464,37221
464,44683
464,5818
464,10199
464,40078
464,9006
464,10644
464,27913
464,38984
464,22591
465,27104
465,28204
465,18232
465,18200
465,47823
466,12614
466,47766
466,35939
466,45763
466,16617
466,37664
466,34429
466,41578
466,43262
466,2966
467,32734
467,33731
467,48352
467,30489
467,49683
467,9698
467,6489
467,5517
467,47059
467,40878
467,32433
467,5959
467,39408
467,8174
467,248
467,14739
467,7413
467,3661
467,24518
467,13425
468,21616
468,28986
469,8903
469,24238
469,32569
469,39276
469,48527
469,35989
469,35221
470,14084
470,40174
470,44632
470,24561
470,16254
470,44422
470,37257
470,44728
470,46812
471,8193
471,10814
471,40585
471,16185
471,5337
471,19415
471,17835
471,35838
472,11422
472,14233
472,6182
472,27966
472,27845
472,13245
475,8467
475,24852
475,9515
475,28204
475,48205
476,11408
476,18918
476,29987
476,32655
476,2962
477,34407
477,26497
478,13755
478,37940
478,17965
478,49144
478,10145
478,12333
478,15905
479,5393
479,9020
479,46171
479,28755
479,38289
479,27817
479,41658
480,40261
480,20119
480,33791
480,24852
480,21472
480,35199
480,43967
480,40332
481,27323
481,40600
481,13536
481,1581
481,28647
482,33240
482,508
482,15177
482,8639
482,14089
482,16766
482,38164
482,36216
482,2611
482,32647
482,39468
482,31693
482,8912
482,12492
482,28851
482,28535
482,13176
482,34197
482,3840
482,39275
483,40469
483,5067
483,34921
483,32562
483,6265
483,47758
483,17675
484,12341
484,20776
484,16797
485,9558
485,23296
485,33548
485,23106
485,44156
485,46817
486,10060
486,13176
486,1463
486,22035
486,34230
486,8670
486,22935
486,10436
486,3952
487,13176
487,26915
487,47209
487,37646
487,10912
487,22211
487,27966
487,21777
487,48610
487,1373
487,32352
488,45066
488,9036
488,5876
488,26209
488,43122
488,24838
488,41565
489,6195
489,22025
489,6825
489,46676
489,15030
489,21709
490,44422
490,45965
490,29447
490,24706
490,48491
490,16797
490,32139
490,21903
490,12597
490,15630
490,47766
490,42701
490,11250
490,6348
490,44632
490,11193
490,36076
490,22025
490,17835
490,39877
490,7041
490,42625
491,35221
491,44632
491,13176
491,43961
491,5973
491,12686
491,13380
491,27737
491,28458
491,23148
491,34217
491,24195
491,6669
491,25762
491,4697
491,2999
493,1940
493,24852
493,24024
493,21137
493,27966
493,19173
493,26604
493,28928
493,19057
493,14858
493,22035
493,49273
493,26283
493,45
493,5450
493,20015
493,33731
493,25093
493,14992
493,40706
493,8424
493,21903
493,48595
493,24489
494,27730
494,40001
494,46069
494,11140
494,30494
494,43988
494,41860
494,30489
494,32486
494,45123
494,7821
494,9438
495,18860
495,8153
495,41131
496,742
496,14992
496,17461
498,20940
498,16797
498,12341
498,21288
498,20955
498,25133
498,8048
498,32455
498,21292
498,43352
498,46931
499,19450
499,26620
499,5456
499,46650
499,22935
499,24964
500,21903
500,34969
500,13517
500,17795
500,24852
501,43295
501,13176
501,23579
501,20693
501,20113
501,18352
501,7963
501,27344
501,35163
501,33000
501,3884
501,27966
501,34335
501,36702
501,42508
502,38672
502,24749
502,11827
502,45296
502,196
502,23888
502,32428
503,24024
503,39468
503,15290
503,39643
503,22935
503,21938
503,21137
503,47209
504,19894
504,2237
504,6628
504,49533
504,5025
504,15392
504,19678
504,22935
504,14540
504,17316
504,34358
504,5077
504,23130
504,21560
504,2994
504,35678
504,26242
504,3098
504,12442
504,33290
505,4724
505,16283
505,30827
505,8048
505,37687
506,32768
506,24852
506,47626
506,5818
506,35042
506,38379
506,31506
506,5025
506,42625
506,38797
506,5744
506,19691
506,4853
507,8580
507,9075
507,44051
507,1185
507,659
508,13176
508,34
508,21903
508,30406
508,4799
508,21850
508,15937
508,13031
508,34358
509,11520
509,31459
509,4579
509,29139
509,38400
509,16757
509,34190
509,38557
510,26604
510,43352
510,13176
511,40396
512,18465
512,13176
512,21137
512,6187
514,47209
514,34214
514,5449
514,7131
515,38567
515,2825
515,20011
515,40706
515,29722
515,35561
515,41066
515,11807
515,644
515,38618
515,41437
515,46069
515,44471
515,13176
515,35168
516,45
516,24852
516,20774
516,16397
516,7925
516,34407
516,32784
516,19800
516,11461
516,29553
518,47766
518,42585
518,39013
518,45007
518,13176
518,38609
518,17794
518,8193
519,21137
519,45066
520,16521
520,27086
520,39180
520,43192
520,24846
520,16262
520,35383
520,22537
520,19451
521,13874
521,40723
521,48637
521,41570
521,23537
521,43920
521,22627
521,21137
521,17038
521,19660
522,32611
522,31130
522,13292
522,30489
522,17706
522,26209
522,34126
522,24852
522,41950
522,10251
522,25340
522,1862
522,46676
522,2344
522,25837
522,35939
522,24184
522,30391
522,45200
522,31444
523,38689
523,25133
523,18234
524,7926
524,38051
524,1938
524,38689
524,34993
524,17183
525,5025
525,3631
525,47503
525,48679
525,22900
525,31506
525,21616
525,27930
525,47630
525,40706
526,38241
526,33548
526,46817
526,9387
526,12302
526,47977
526,36316
526,1831
526,27275
526,32553
526,23085
526,30353
526,1940
526,22489
526,46041
526,12191
526,1752
526,33397
527,35147
527,49235
527,15074
527,13852
527,6765
527,12980
527,37825
527,21903
527,35939
527,24799
527,8309
527,17461
527,41593
528,46785
528,40897
528,22182
528,44799
529,41844
529,43263
529,40212
529,31433
529,37066
529,33819
529,16464
529,6348
529,36058
529,33351
529,1069
529,26040
529,27730
529,24852
529,10492
529,40338
529,18811
529,17872
529,32299
529,43076
529,28384
529,4006
529,4656
529,16953
529,35909
530,3957
530,25371
531,32911
531,17429
531,1359
531,46962
531,38903
532,46665
532,33198
532,48857
532,42817
533,47766
533,8277
533,21903
533,41220
533,21137
533,44819
534,43379
535,29642
535,31500
535,19189
535,35315
535,45004
536,2078
536,5785
536,7781
536,6297
536,23375
536,19057
536,36724
536,18370
537,1511
537,33120
537,21137
537,9076
537,21955
537,41844
537,19057
538,39947
538,44632
538,5876
538,18918
538,24489
538,21828
538,4461
538,31338
538,44120
539,35951
539,39190
539,48846
539,13740
539,5194
539,47521
539,24852
539,22220
539,24157
539,12154
539,38527
539,24841
539,41793
539,46229
539,17974
539,36537
539,38256
539,2067
539,19115
539,25340
539,28204
539,35708
539,47717
539,10551
539,14627
539,39322
540,5067
540,32478
541,11365
541,16797
541,43352
542,14650
542,21543
542,13176
542,8667
543,27323
543,7819
543,7644
544,26768
544,35734
544,7401
544,13212
544,43295
544,35921
544,28769
544,5025
544,95
544,31506
544,21903
544,19057
544,39928
544,24852
544,1999
544,24964
544,17794
544,28842
544,18479
544,45007
544,40706
544,17948
544,2094
545,34668
545,17487
546,2716
546,45210
546,48726
546,48946
546,44632
546,21709
546,37276
546,44165
546,12033
546,31126
546,43165
546,28353
546,22164
546,25948
546,31886
546,38164
546,3398
546,13898
546,33716
546,35708
546,7139
546,46616
546,29077
546,23017
546,34668
546,29607
546,1463
546,27086
546,27247
546,25225
546,47621
547,43221
547,7017
547,3374
547,22556
547,10619
547,5782
547,27578
547,44594
547,30889
547,43772
547,44487
547,49060
547,10851
547,37619
548,20448
549,4142
549,30985
549,24891
549,44389
549,4586
549,23375
549,20082
549,26209
549,36651
549,31553
549,4421
549,12456
549,2452
549,17789
549,3628
549,22369
549,25499
549,37975
549,48554
549,42069
549,26790
549,47167
549,31504
549,4812
549,21162
549,34745
549,31657
549,46352
549,43788
549,40982
549,12591
549,16466
549,21806
549,11212
549,44557
549,436
550,8048
550,22507
551,24852
551,43662
551,8309
551,30489
551,8277
551,28465
551,30795
551,47630
552,4091
552,33452
552,37011
552,5268
553,6948
553,22035
553,8467
553,28427
553,17419
553,2855
553,5876
553,40724
554,10032
554,31981
554,32141
554,129
555,14992
555,38689
555,16185
555,47766
555,42828
555,29574
555,41787
555,47788
555,46979
555,47626
556,29616
556,46853
557,8859
557,37158
557,13176
557,30489
557,36397
557,40063
557,27554
557,21162
557,7781
557,39877
557,3818
557,39475
557,5902
557,31343
557,13838
557,14084
557,35461
557,30277
557,40632
557,24928
557,31634
557,42536
557,19046
557,5134
557,5785
557,5876
557,21137
557,49215
557,26317
558,21903
558,21616
558,47144
559,14992
559,37646
559,24221
559,24390
559,21938
559,34969
559,22170
559,27104
559,13629
559,7519
559,38837
559,44612
560,46802
560,24852
560,27521
560,22276
560,6287
560,48017
560,24964
560,17794
561,38544
561,47209
561,24852
561,42356
561,14867
561,27573
561,48182
561,17021
561,25824
561,42265
562,24489
562,25890
562,41220
562,44142
562,28204
562,30489
562,43961
562,27730
562,24852
562,19449
562,42828
562,34969
562,39561
562,3682
563,21137
563,31915
563,35503
563,6948
563,18418
563,34012
563,12941
563,19272
563,24253
563,47166
563,7773
563,18814
563,14947
564,24097
564,45211
564,6348
564,38016
564,32627
564,9172
564,39264
564,12962
565,43129
565,31506
565,36011
565,24852
565,21267
565,24964
565,43768
565,5373
565,8671
565,7175
565,5746
565,14992
565,46667
565,42736
566,32851
566,37238
566,44142
566,33065
566,4297
566,33827
566,17795
566,13553
566,7901
566,4933
566,32299
566,21019
567,40706
567,48205
567,18564
567,35221
568,26348
568,21572
568,6184
568,32455
568,11759
568,769
569,9070
569,46321
569,46087
569,39928
569,37496
570,2579
570,9739
570,24964
570,6182
570,28928
570,30639
570,23695
570,34824
570,44008
570,39560
570,9038
570,47209
570,2081
570,17745
570,8022
570,44698
570,18090
570,8518
570,47734
570,15261
570,34012
570,46720
570,18880
570,32689
570,19154
571,47977
571,49520
571,45190
571,31377
572,19966
572,38834
572,9124
572,28431
572,22035
572,47119
572,6459
572,4392
573,32110
573,39468
573,35420
573,13176
573,46979
573,27177
573,21903
573,11688
573,11193
573,27695
573,22950
574,13176
574,35221
574,27030
574,45633
574,19057
574,2391
574,26369
574,20738
574,11030
574,11576
574,27344
575,44116
575,47766
575,33198
575,39041
575,29921
575,42625
575,24850
575,7615
575,32023
575,38395
575,26698
575,11568
575,1138
575,15937
575,10092
575,35970
575,48705
575,6177
575,20578
575,38044
575,38236
575,17328
575,36695
575,27796
575,13834
576,39275
576,651
576,7862
577,42959
577,21841
577,3510
577,42460
577,17708
577,24649
577,22963
577,10851
577,43583
577,37203
577,20590
578,20842
578,10163
578,45866
578,10749
578,35958
578,18670
578,10724
578,26209
578,29801
578,48464
578,17948
578,27966
578,33055
578,13380
578,8848
578,35163
578,10337
578,42265
578,44359
578,8174
578,38456
578,1819
578,46281
578,26604
578,21405
579,20561
579,41844
579,14168
579,12945
579,20467
579,46175
579,34534
579,38341
580,37886
580,38763
580,37096
580,12260
580,38067
580,39365
580,27398
581,2210
581,13176
581,10070
581,32689
581,39928
581,24184
581,19816
581,19019
581,22963
582,21903
582,9076
582,28985
582,29142
582,17872
582,25890
582,33120
582,21543
582,26128
582,24082
582,34584
582,39275
582,47492
582,45
582,22124
582,4957
582,33787
582,33754
582,31663
582,1540
582,39430
582,47626
583,5785
583,40910
583,11039
583,40571
583,31907
583,18616
583,12916
583,4605
583,2064
583,31236
583,27086
584,46346
584,39180
584,30849
584,17833
584,24852
584,37524
584,47209
584,22713
584,28993
584,40604
584,248
584,7762
584,42828
584,47144
584,25199
584,4656
584,32839
584,10912
584,34622
584,33606
584,13535
584,23734
585,34459
585,35234
585,3880
585,712
585,47114
585,3847
585,16797
585,25461
586,31338
586,9608
586,49610
586,27744
586,35951
586,47229
586,24852
586,14161
586,5450
586,41787
587,9766
587,46709
587,46900
587,8230
587,7700
587,19731
588,25890
588,44424
588,28985
588,21903
588,29662
588,13802
588,21280
588,18441
588,10960
588,24852
588,25659
588,24952
588,46979
589,37646
589,3952
589,25466
589,14233
590,22935
591,20383
591,30909
591,40709
591,6489
591,46802
591,1158
591,24838
591,14579
591,28156
591,27325
591,9047
591,16528
592,45788
592,24852
592,48697
592,31506
592,49416
592,23288
592,12409
592,16521
592,7054
592,16797
592,42768
592,26751
593,6813
593,432
593,36955
593,40332
593,2966
593,34640
593,14197
593,8670
593,43565
593,9076
594,13176
594,27413
594,24288
594,27966
594,5876
594,48219
594,20734
594,31504
594,1890
594,2078
594,37866
594,44233
594,49044
594,21295
594,43768
594,2099
594,24129
594,41064
594,41620
594,23734
594,16291
594,17160
594,4812
594,12254
594,28050
595,30027
595,44144
595,22713
595,40852
595,19508
595,8996
595,4476
595,24184
595,26209
595,15591
596,13544
596,20995
596,15325
596,14668
596,21137
596,40706
597,44829
597,21137
597,37288
597,37141
597,4942
597,5303
597,36724
597,38159
597,260
598,31263
598,49683
598,23785
598,48205
598,26604
598,16797
598,13834
598,32360
598,24637
598,260
598,11456
599,1408
599,40338
599,17601
599,21288
599,8424
599,32330
599,11869
600,18637
600,47946
600,939
600,27178
600,22340
600,46616
600,11996
600,29689
600,33990
600,8324
600,2144
601,5077
601,49131
601,18465
601,9808
601,31766
601,17630
601,39275
601,895
601,39578
601,33787
601,4957
601,26790
601,45066
601,1896
601,42265
601,30489
601,36256
601,22825
601,25072
601,25890
601,14643
601,9339
601,17200
601,5785
601,42383
602,14992
602,47766
602,24852
602,10831
602,27845
602,31371
602,45763
602,45066
602,25890
602,5479
602,16797
602,2611
602,162
602,22035
602,39877
603,22298
603,5550
603,1819
603,13176
603,28199
603,21847
603,48437
603,37220
603,2581
603,21543
603,22963
603,39781
603,12258
603,40174
603,30839
603,41844
603,9871
603,48775
603,651
603,21903
603,39275
603,5130
603,43768
603,42265
603,41658
603,33316
603,47209
603,22825
603,44560
605,9337
605,26675
606,13176
606,43122
606,8277
606,33768
606,19048
606,22935
606,15290
606,8193
606,2361
606,47388
606,48205
607,34165
607,39719
607,46138
607,46251
608,44949
608,9839
608,12357
608,24852
608,33120
608,32360
608,45
608,39984
608,38273
608,35887
608,48094
608,15074
608,42307
608,41220
608,22035
608,11790
608,3098
608,42010
608,49075
608,43712
609,22935
609,44449
609,25890
609,24160
609,43888
609,4163
609,30967
610,39180
610,6489
610,14332
610,7806
611,5793
611,35849
611,30073
611,43049
611,30960
611,24716
611,20682
611,24053
611,20772
612,35948
612,44661
612,31572
612,29594
612,15074
612,14332
612,24024
612,29487
612,15386
612,26209
612,8555
613,2099
613,24764
613,25134
613,7969
613,30305
613,10492
613,44014
613,48871
613,16823
613,23687
613,19162
613,18339
613,11461
613,705
613,18849
613,35042
613,44683
614,39190
614,13603
614,13176
615,24242
615,32689
615,5652
615,43234
615,10246
615,14358
615,21137
615,41950
615,33198
615,4952
615,10339
616,24852
616,7736
616,788
616,24097
616,3880
616,7364
616,38049
616,14163
616,20345
616,7678
616,9605
616,40520
616,30777
616,44704
616,25170
616,31683
616,39408
616,32784
616,12562
617,19660
617,47209
617,35547
617,34466
617,15610
617,2480
617,9337
617,16521
618,20940
618,4149
618,28413
618,37919
618,3798
618,9189
618,15040
618,33303
618,10173
619,41950
619,15649
620,47626
620,8193
620,6347
620,47766
620,20588
620,49038
620,31727
620,16824
620,45886
620,40031
620,22007
620,3142
620,6962
620,26717
621,6184
621,39275
621,46129
621,43352
621,16797
622,47990
622,21009
622,13176
622,47209
622,27104
622,33303
622,36389
622,23375
622,30391
622,38159
622,8479
622,17835
622,13829
623,33120
623,27521
623,40706
623,19678
623,38777
623,4562
623,47788
623,14575
623,34126
623,32052
623,10749
624,30532
624,45511
624,5994
624,40836
624,40136
624,43154
625,42699
625,8710
625,42205
625,27336
625,45448
625,3957
625,13176
625,260
625,31915
625,27900
626,44703
626,13176
626,33873
626,30391
626,22308
626,41605
626,27695
626,16797
627,47977
627,36316
627,4210
627,34459
627,27662
627,16826
627,27829
627,21822
627,1217
627,47000
627,38618
627,32857
627,16813
627,45830
627,28204
627,43565
627,4377
627,1396
627,8424
627,4966
627,13176
627,22359
627,6328
628,27845
628,24852
628,47485
628,6532
629,34126
629,30305
629,11895
629,46069
629,38419
629,16325
629,5912
629,4086
629,17794
629,8903
629,13070
629,43140
630,1160
630,17366
630,29792
630,24852
630,27662
630,5450
630,47977
630,1148
630,34262
632,25879
632,48628
632,29447
632,36550
632,42445
632,7948
632,27845
632,48364
633,25146
633,46906
633,19678
633,13629
633,28228
633,18770
633,25093
633,19508
633,44449
633,18696
633,21116
633,14462
633,16911
633,39363
633,47766
633,13514
633,16896
633,39002
634,28204
634,45633
634,18362
634,16797
634,41690
634,2447
634,38689
635,17948
635,43295
635,19677
635,35921
635,40054
635,2855
635,35510
635,33303
635,47621
636,30024
636,4920
636,9839
636,41805
636,43967
636,27695
636,10908
636,19894
636,1710
636,45603
637,49621
637,21137
637,34949
637,24841
637,14633
637,7175
638,5785
638,1947
638,11777
638,21137
638,42265
638,24184
638,45007
638,8518
638,24964
638,481
638,18889
638,34658
639,8277
639,11520
639,43772
639,39475
639,13176
639,45504
639,41950
640,5120
640,37215
640,33395
640,16953
640,6087
640,1689
641,28985
641,13176
641,12008
641,10268
641,31553
641,26209
641,47626
641,28171
641,47209
641,16978
641,48104
641,10749
641,22935
641,21616
642,42111
642,48705
642,47626
642,34358
642,39812
642,45951
642,37419
642,4699
642,4058
642,21405
642,17149
642,3593
642,38739
643,35921
643,7815
643,10673
643,38200
643,32156
643,4472
643,24918
643,39275
643,21137
644,27423
644,43957
644,8465
644,23952
644,4792
644,30949
644,16797
644,43295
644,4193
644,9547
645,24852
645,21137
645,19348
645,23909
645,41220
645,30489
645,45
645,47766
645,23537
645,5065
646,34459
646,20360
646,48205
646,47766
646,32433
646,27022
646,14303
646,28412
646,35042
647,23383
647,11778
647,39299
647,5002
647,16994
648,18918
648,39928
648,40691
648,25653
648,33719
648,37646
648,19048
648,47209
648,48679
648,21137
649,10070
649,13733
649,43076
649,45192
649,33493
649,9623
649,5450
650,24852
650,27554
650,25245
650,44032
650,41990
650,47610
650,42669
650,31683
650,46900
651,19660
651,44359
651,18891
651,40583
651,24852
651,2664
651,27845
651,40706
651,35140
651,43789
651,22400
651,21903
651,15041
651,23029
651,5708
651,44560
651,3849
651,19057
651,79
651,27695
651,12144
652,19660
652,46990
652,43749
652,7175
653,3289
653,37642
653,884
653,16797
653,24009
653,33316
653,40002
653,44995
653,26349
653,35887
653,20632
653,38293
653,27336
654,10527
654,11452
654,47371
654,2524
654,32478
654,24703
654,18610
654,13866
654,20682
654,24852
654,31808
655,20876
655,10768
655,34824
655,43050
655,46667
655,26209
655,45807
655,5876
655,30391
655,34126
655,21137
655,27966
655,47209
655,28985
655,21614
655,11440
655,24852
656,5746
656,24263
656,30953
656,28961
656,20588
657,1787
657,6474
657,4462
657,2552
657,25758
657,44238
657,47766
657,34429
657,27521
657,41634
657,13176
657,21405
657,46147
657,39663
657,19057
657,26648
657,28785
657,23594
657,44359
658,46979
658,47209
658,36695
658,21903
658,22935
658,10163
658,38400
658,43295
658,48679
658,10291
658,16008
658,40396
658,22475
658,23695
658,19610
658,47042
659,38274
659,14467
659,27845
659,12341
659,42445
660,38035
660,26767
660,24852
660,43295
660,19677
660,19691
660,30618
660,44487
660,18352
660,49235
661,8518
661,34358
661,42265
661,5876
661,13176
661,45066
661,41408
661,19051
661,7503
661,5134
661,26128
661,45613
661,30489
661,43262
661,35898
661,16325
661,3627
661,39619
661,23001
661,21125
661,7625
662,33614
663,48097
663,33439
663,5128
663,43049
664,18531
665,17083
665,37489
665,2073
665,16185
665,39408
666,22151
666,651
666,41220
666,34050
666,13176
666,18656
666,12254
667,29370
667,31487
667,27596
667,34169
667,31181
667,24973
667,9755
667,23377
668,28572
668,47141
668,17870
668,4834
668,2795
668,703
668,27323
669,18370
669,41665
669,31343
669,27104
669,5785
669,28204
669,38772
669,27086
669,42736
670,24852
670,39928
670,5450
670,5115
670,2763
670,17284
670,24622
670,24964
670,4605
670,17619
670,20524
670,47626
671,19517
671,25588
671,8012
671,40078
671,11009
671,7702
671,4193
672,24890
672,24852
672,9076
672,28199
672,14197
672,22395
672,45013
672,44628
672,38067
672,20378
672,2658
672,33548
672,7533
672,38241
672,29925
672,9020
672,49279
673,38739
673,37687
673,38689
673,2326
673,42110
673,48171
673,35522
673,40678
674,30233
674,4957
674,24852
674,44632
674,33198
674,5785
674,27086
674,25146
674,28071
674,365
674,37317
674,30489
674,21019
674,49113
674,25506
675,19019
675,16254
675,4577
675,22359
675,45541
675,35274
675,31348
676,45535
676,24009
676,2295
676,49683
676,14462
676,1511
676,47788
677,45167
677,3397
677,32030
677,21709
677,35042
677,38996
677,34358
677,14814
678,1463
678,40156
678,13176
678,19635
678,39097
678,11143
678,13774
678,33719
678,34126
678,12935
678,2732
678,36695
678,16759
678,43961
678,23576
678,7076
678,27344
678,26604
678,31717
678,46747
678,34243
678,6483
678,48707
678,35535
678,10863
678,12254
678,19706
678,29398
678,39794
678,8614
678,9047
678,5322
678,36039
678,47717
679,25931
679,47209
679,27086
679,43619
681,23178
681,46474
681,35535
681,22935
681,37897
681,24759
681,31506
681,41220
682,23909
683,15700
683,4799
683,13083
683,32486
683,28828
683,43647
683,28934
683,47492
683,26604
683,17948
683,31623
683,44717
684,35948
684,41290
684,43967
684,33000
684,17923
684,7751
684,17678
684,32115
685,25199
685,32177
685,15937
685,39699
685,33731
685,27845
685,26369
685,22935
685,34358
685,12797
685,5769
685,27966
685,26128
685,24082
685,24489
685,39275
685,49075
685,35547
685,38739
685,13176
685,35951
685,9595
685,47167
685,45007
685,44422
685,42265
685,13646
686,33731
687,21137
687,48086
687,47209
687,43394
687,47065
687,30233
688,27243
688,23537
688,33000
688,7948
688,810
688,41055
688,16797
688,32303
688,45066
688,46969
688,45223
688,1511
688,2091
688,34262
688,30305
688,9825
688,30480
688,11408
689,43961
689,16759
689,35921
689,33120
689,19773
689,15996
689,28443
689,6740
689,41972
689,41065
689,38190
689,10768
689,17553
689,12745
689,17160
690,47766
690,42265
690,11187
690,44275
690,13176
690,21137
690,30391
690,46979
690,895
690,12745
690,40396
691,8048
691,12341
691,21573
691,11759
691,21903
691,30450
691,39332
691,4920
691,9076
691,17122
692,25368
692,3919
692,8209
692,6166
692,49235
692,42834
693,35951
694,20940
694,12341
694,16283
694,37919
694,31985
694,21137
694,21288
694,27984
694,29223
694,4920
694,19691
694,46363
694,22507
694,21385
694,33198
694,30827
694,8803
694,19660
694,5782
695,27086
695,21709
695,35951
695,33592
695,13176
695,2228
695,21903
695,17948
695,24489
695,2452
695,34126
695,14127
695,26800
695,46906
695,31130
695,46470
695,5785
695,21607
695,45646
696,17794
696,47209
696,21137
696,24489
696,9076
696,6948
696,48679
696,13176
696,21927
697,28427
697,6286
697,48144
697,24231
697,43010
697,44570
697,43772
697,15290
697,5535
697,38511
697,36697
697,29418
697,43262
697,5460
697,22142
698,1463
698,29474
698,17530
698,14853
698,7521
698,33151
698,39475
698,34658
698,46988
698,13176
699,11782
699,40723
699,18465
699,4897
699,43262
699,21497
699,45007
699,20549
699,14360
699,34969
699,22922
699,19660
699,24852
699,38274
699,27315
699,26602
699,44961
699,2593
700,21903
700,8571
700,46149
700,196
700,14715
700,13424
700,21572
700,11266
700,26104
700,13042
700,4149
700,30486
700,7987
701,34466
701,24852
701,44275
701,21903
701,21392
701,47766
701,30391
701,28576
702,40961
703,4844
703,28851
703,24852
703,12932
703,36287
704,12524
704,47144
704,42078
704,15650
704,25396
704,41148
704,27681
704,24956
704,30338
704,42633
704,28092
704,5183
704,38063
704,33452
704,45948
704,43026
704,28006
704,42732
704,37449
704,27102
704,17878
704,24852
704,8611
705,37710
705,32455
705,32478
705,13575
706,19660
706,26911
706,31717
706,47209
706,29045
706,20995
706,27705
706,6228
706,47005
706,22346
707,517
707,49352
707,47766
707,14651
707,46029
707,24852
707,44987
708,23039
708,5077
708,47626
708,16797
708,47766
708,28476
708,15872
708,16398
709,19660
710,32338
710,8663
710,3434
710,38656
710,24852
710,5020
710,12791
711,37646
711,40706
711,21137
711,5876
711,30391
711,32442
711,38827
711,11576
711,37687
711,42265
711,30233
711,38777
711,35221
711,30489
711,10248
711,45106
711,15892
711,13646
711,41588
711,39619
711,12206
711,22035
711,16759
712,24964
712,15261
712,6101
712,4350
713,30751
713,21288
713,39275
714,18465
714,4274
715,31553
715,35715
715,28985
715,42768
715,44683
715,24852
715,49683
715,40516
715,46654
716,40498
716,2426
717,35921
717,24852
717,18362
717,19057
717,17454
717,45007
717,4855
717,48395
717,26369
717,36881
717,26914
717,45946
717,41844
718,35914
718,19660
718,26165
718,25861
718,7781
718,47209
718,27966
718,13176
718,45200
718,7419
718,43961
718,16168
718,42556
718,25392
718,14140
718,18460
718,5323
718,15872
718,42327
718,13870
720,45948
720,19154
721,19660
722,16185
722,37840
722,18465
722,42585
722,24852
722,24184
722,45537
722,5746
722,49260
722,8239
722,47766
722,890
722,2450
722,7461
722,18537
723,1529
723,1359
723,7704
723,15349
723,26452
723,3740
723,12581
723,14084
724,29941
724,18873
724,48988
724,27966
724,21137
724,47209
725,10831
725,43122
725,49374
725,25005
725,42768
725,36180
725,18176
725,19046
725,43129
725,41874
726,24489
726,31915
726,33120
726,17794
726,32655
726,25181
726,46737
727,25844
727,29487
727,581
727,38993
727,46698
727,35042
727,48205
727,40897
727,44819
727,16478
727,26172
727,19246
727,34487
727,9068
727,432
727,22718
727,47977
727,49605
727,985
727,46979
727,31506
727,24852
727,26530
727,30517
727,41277
728,8229
728,23011
728,48527
728,41198
728,45445
728,18891
728,40660
728,35547
728,8138
728,27307
728,39561
728,44666
728,46575
728,7749
728,14852
728,12218
728,24852
728,6187
728,46692
728,39275
728,49478
728,12312
728,7781
728,48183
728,46522
728,20995
728,27966
728,30638
728,33709
728,15386
729,25469
729,28560
729,5077
729,18721
729,43789
729,32429
729,41787
729,27796
729,47766
729,48217
729,43986
729,14901
729,48395
729,41844
729,34307
729,2120
730,26384
730,42828
730,30233
730,27966
730,5785
730,26723
730,28204
731,13157
731,16696
731,32915
731,46842
731,1006
731,18733
731,45066
731,9387
731,7825
731,43279
732,13595
732,21586
732,8859
732,46706
732,44980
732,6046
732,49185
732,5450
732,35155
732,4920
732,27147
732,27288
733,21986
733,30406
733,39275
733,11759
734,27966
734,43961
734,21903
734,21405
734,44359
734,781
734,38159
734,48600
734,5876
734,38777
734,260
734,9550
734,11193
734,17835
734,26047
734,30489
734,9595
734,21137
734,17284
734,13870
734,12395
734,42701
734,1392
734,38293
735,19691
735,39170
735,12481
735,44167
735,49176
735,31263
735,7992
735,15599
735,37940
735,22367
735,10132
735,1752
735,18379
736,42699
736,44870
736,18987
736,46147
736,2717
736,43565
736,6779
736,43352
736,9901
736,33231
736,40136
736,34969
736,40581
736,43509
737,13176
737,19820
737,45014
737,33787
737,8670
737,13541
737,24184
737,41162
738,3298
738,18048
738,46309
738,10112
738,18792
738,22025
738,5550
738,35042
738,12250
738,28307
738,24852
739,16797
739,26604
739,24852
740,12099
740,19766
740,11259
740,7585
740,18747
740,36086
740,27344
740,1263
740,41435
740,9175
740,12258
740,14147
740,8479
740,7736
741,25256
741,4210
741,18465
741,23734
742,13083
742,24852
742,43621
742,22720
742,21955
742,4872
742,21903
742,36086
742,24518
742,12099
742,11543
742,20392
742,48335
742,12258
742,4799
742,3330
742,45
742,45007
742,9366
742,18171
742,21938
742,44514
742,24952
742,19125
742,36256
742,20339
742,39877
742,46802
742,2658
742,33056
742,11068
742,16185
742,31392
742,46654
742,22959
742,1962
742,17400
742,35004
742,13740
742,6111
742,920
742,5618
742,35012
742,21019
742,48642
743,30391
743,18362
744,31981
744,25976
744,5199
744,35762
744,27662
744,4889
744,49112
744,23236
744,38397
744,21761
745,34530
745,5876
745,27086
746,13176
746,38511
746,6177
746,43129
746,27933
746,26343
746,743
746,11679
746,21497
747,33614
747,19202
747,46673
747,4966
747,3512
747,24533
747,44234
747,23866
747,1311
747,46184
747,46887
748,21269
748,18159
748,35140
748,17704
748,28601
748,27521
749,13488
749,29291
749,30041
749,26668
749,19003
749,17794
749,22935
749,24964
749,1999
749,28204
749,9365
749,37250
749,8670
749,41544
749,48287
749,42342
749,25020
750,24195
750,17487
750,9839
750,26209
750,31635
750,24010
750,15462
750,48220
750,42768
750,30855
750,42479
750,23898
750,23375
750,40427
750,16759
750,23959
750,14633
750,23543
750,44560
750,48957
750,20437
750,6110
750,10565
750,21616
751,24852
752,12752
752,30407
752,522
752,7917
752,14604
753,29071
753,7963
753,28058
753,11520
753,11421
754,13629
754,8138
754,21903
754,18606
754,9637
754,24447
754,37188
754,22963
754,44471
754,17484
754,31727
754,14129
754,14197
754,19019
754,13645
754,45007
754,41329
754,18670
754,21847
754,4357
754,6141
754,42265
754,31915
754,44643
754,7480
754,19051
754,13646
754,39706
754,45807
754,27690
754,18881
754,47626
754,2086
755,30489
755,29487
755,14197
755,39693
755,41463
755,10315
755,45763
756,5535
756,40706
756,1244
756,10749
756,41921
756,39275
757,35163
757,13176
757,14715
757,8381
757,6375
760,4605
760,11782
761,40986
763,8277
763,19057
763,7581
763,38077
764,16489
764,8859
764,48097
764,17518
764,49628
764,10341
764,3318
764,3651
765,47626
765,35233
765,41950
765,44008
765,37158
765,5933
765,19811
765,45007
765,38274
765,13851
765,21903
765,21616
765,44359
765,24852
765,41220
765,37524
765,34530
765,22935
765,4472
765,30406
765,32402
765,5612
766,30233
766,37493
766,13944
766,47209
766,21137
766,27697
766,13176
766,37620
767,14766
767,47169
767,12440
767,2180
767,44449
767,38308
767,47626
767,9092
767,24964
767,5479
768,27147
768,39581
768,24382
769,11023
769,35503
769,13176
769,4896
769,1203
770,45432
771,24852
771,12980
771,49683
771,27086
771,24830
771,44142
771,19348
771,35547
771,8424
771,16070
771,4799
771,27845
771,45633
771,43249
771,40706
771,39990
771,13858
771,4945
771,33845
771,45865
771,5194
771,35336
771,45066
771,33810
771,42105
771,37508
771,1364
771,14778
771,33120
771,27454
771,34262
772,41351
772,30183
772,1783
772,15477
772,43409
772,22809
772,6091
772,24852
772,39408
772,9387
772,16768
772,27730
772,21709
772,20119
772,26689
773,24852
773,10305
773,41787
773,47229
773,31801
775,32942
775,16797
775,37606
775,4137
775,17600
775,43352
775,28156
775,32700
775,28384
775,14493
775,29299
775,3919
775,48965
775,4700
775,9852
775,16495
775,13767
775,28015
775,17115
775,6631
775,34862
775,34006
775,27356
775,352
775,13679
775,32689
775,10077
775,7751
775,10038
775,15891
775,43279
775,18175
775,49520
775,41290
775,19070
775,7376
775,27544
775,33290
775,19005
775,32360
775,32455
775,28199
775,19340
775,43693
775,24852
775,1700
776,28934
776,18465
776,31526
776,18883
776,26452
776,3740
776,1216
777,23537
777,11136
777,21943
777,9839
777,49383
777,1529
777,23103
777,8859
777,36127
777,27307
777,12409
778,24852
778,39190
778,19057
778,35992
778,44359
778,22935
778,3756
778,49267
778,1446
778,26940
778,4855
778,41950
778,18963
778,15899
778,9531
778,9366
778,43789
779,16797
779,31915
780,19348
780,14905
781,26324
781,17149
781,45948
781,22825
781,12779
781,42265
781,32277
782,30391
782,27423
782,22963
782,3957
782,19057
782,14437
782,13083
782,9550
782,44632
782,22808
782,31555
782,34124
782,35871
782,23835
782,40706
782,29941
782,26209
782,31315
783,29127
783,39054
783,39190
783,42241
783,28330
783,43294
783,47630
783,44359
783,39928
783,47734
783,27521
783,13350
783,21053
783,26431
784,41950
784,26790
784,30489
784,35684
784,5120
784,29672
784,13176
784,21137
784,46979
784,47209
784,20114
784,5025
784,9076
784,11182
784,11945
784,29363
784,481
784,24964
784,15591
784,46667
784,9092
784,45007
784,27323
785,5782
785,33502
785,40834
785,13490
785,11773
785,27710
785,48808
786,41007
786,8324
786,15655
786,19006
786,45681
786,16874
786,9065
787,9076
787,15100
787,47931
787,13944
787,27979
787,31486
787,23909
787,48907
787,29487
787,45930
787,41984
787,44385
787,4006
787,44799
787,1583
787,42582
788,33647
788,30489
788,8424
788,33572
788,16185
788,24964
788,16293
788,29370
788,8076
789,18918
789,5077
789,16797
789,1481
789,9163
789,13287
789,6073
790,32655
790,7503
790,42001
790,20734
790,34458
790,41220
790,28745
790,13984
790,13176
790,365
791,42592
791,22993
791,18465
791,23
791,45447
792,9020
792,790
792,31506
792,19677
792,35221
793,34429
793,13966
793,27171
793,43129
793,47209
793,47766
793,37687
793,43735
794,35622
794,12354
794,34727
794,32747
794,43295
794,9242
794,9076
794,40310
794,17691
794,21333
794,48205
794,29487
794,49683
794,5077
794,41787
794,48299
794,4700
794,35906
794,41290
795,6184
795,34551
795,21903
796,49588
797,41774
797,20670
797,34124
797,31555
797,18567
797,19612
797,20524
797,31506
797,481
798,21137
798,34969
798,27966
798,26604
798,6003
798,31328
798,40156
798,39475
798,24184
799,24852
799,47766
799,26369
799,17726
799,10315
799,1511
799,35629
800,9507
800,9755
800,33120
800,17878
800,24046
800,39771
800,22397
800,21870
800,32073
800,3960
800,17384
801,16445
801,39993
801,13578
801,4792
801,37262
802,39275
803,24852
803,28204
803,45066
803,11782
803,46906
803,5322
803,17224
803,6069
803,38656
803,18281
803,24841
803,6740
803,1545
803,10180
804,7898
804,40910
804,13176
804,24372
804,45177
804,626
805,24852
805,47144
805,12149
805,44980
805,5750
805,44604
805,44142
805,14897
805,37229
805,41844
805,22583
806,45933
806,5518
807,43789
807,18531
807,35815
807,32988
807,47209
808,4920
808,28199
808,26096
808,18359
808,25885
809,24964
809,41376
809,22888
809,18531
809,10978
809,890
809,38596
809,8955
809,29987
809,33731
809,46979
809,20431
810,34658
810,18479
810,46243
810,35535
810,15148
810,5938
810,41582
810,33351
810,27104
810,11941
810,39993
810,16759
810,19939
810,25868
810,35972
810,20114
811,40706
811,25832
811,46906
811,36695
811,41570
811,47621
811,44068
811,12016
812,19048
812,47209
812,13176
812,38526
812,20339
812,26604
812,40411
812,29180
812,25965
813,16168
813,47766
813,21938
813,36070
813,30906
813,44233
813,39812
813,46979
813,35951
813,43662
814,46627
814,6485
814,13176
814,27325
814,43772
814,15290
815,26981
815,41956
815,365
815,13176
815,3896
815,33731
815,21938
815,691
815,39194
815,5575
815,1244
815,46076
815,10574
815,34448
815,13055
815,19991
815,24372
815,7411
815,13251
815,30069
815,20613
815,39180
815,17706
815,12756
816,5517
816,24489
816,605
817,14947
817,260
818,3732
818,26348
818,4210
818,4003
818,29615
818,20674
818,39132
818,13884
818,18212
818,6631
818,29548
818,21250
818,31360
818,43688
818,43743
818,39459
818,48779
818,26002
818,10776
818,27388
818,33228
818,44167
818,15276
818,2493
819,21769
819,17862
819,7862
820,24891
820,24852
820,18594
820,49235
820,27344
820,10089
820,5818
820,4799
820,21162
820,23801
820,23375
821,14223
822,30450
822,31651
822,12427
822,5971
823,32303
823,40332
823,7286
823,32710
823,20824
823,36278
823,41017
823,1032
823,15100
823,11481
824,22713
824,24489
824,38739
824,43789
824,25890
824,27104
824,46979
824,41064
824,39275
825,29926
825,8736
825,41363
825,24852
825,42265
825,37766
825,21903
825,10163
825,13629
825,45445
825,22164
825,48559
825,3988
825,44910
826,24852
826,13560
826,5077
826,4920
826,38890
826,29987
826,19348
826,5959
826,39160
827,21903
827,48577
827,42701
828,37436
828,22166
828,17316
828,25804
828,49235
829,6046
829,14992
829,22959
829,34234
829,24235
829,31683
829,3243
829,4312
829,23351
829,23286
829,1685
829,27
829,19863
830,27451
830,44397
830,27966
830,16797
830,46667
830,13176
830,31915
830,36364
830,24184
830,17794
830,26940
830,27104
830,30233
830,8174
830,19057
830,8277
830,48848
831,46667
831,41588
831,49131
831,27344
831,14332
831,47059
832,13176
832,31720
832,47209
832,21137
832,11422
832,19204
832,24184
832,14901
832,19816
832,28842
833,30639
833,329
833,2099
833,47209
833,25323
833,1991
834,16428
834,49235
834,43712
834,26047
834,22935
834,44359
835,39527
835,34915
835,21333
835,34690
835,28427
835,21376
835,33129
835,27663
835,42157
835,7274
835,22236
835,4347
835,8204
835,25544
835,22275
835,41787
836,32325
836,9771
836,5449
836,26709
836,35584
836,30511
837,30320
837,24852
837,40945
837,9076
837,48118
837,7901
838,35951
838,44632
838,38684
838,10880
838,30450
838,7963
838,30406
838,22935
838,2361
838,38067
839,31720
839,11782
839,35939
839,24125
840,31737
840,10025
840,14461
840,49140
840,1819
840,28051
841,42972
841,47977
841,31964
841,36316
841,7693
841,1831
841,49520
842,19057
842,42450
842,11865
842,49007
842,32642
842,40174
842,9124
842,35206
842,44475
842,28083
842,45221
843,32403
843,14386
843,1891
843,49075
843,10699
843,48720
843,41844
843,48058
843,20995
843,26128
843,27554
843,23270
843,45807
843,18606
843,18618
843,40199
843,26165
843,13292
843,29270
843,33454
843,47048
845,30450
845,17902
846,43465
846,21386
846,14150
846,47059
846,36724
846,16953
846,29487
846,33087
846,30391
846,48624
846,37067
847,260
847,14381
847,10673
847,31589
847,22656
847,15595
847,20591
848,11669
848,26668
848,23165
848,44359
848,16759
848,5769
848,5876
848,33731
848,6046
848,15261
848,43987
849,27966
849,4066
849,22721
850,10326
850,25588
851,38275
851,47042
851,45007
851,47209
851,21137
851,44359
851,24830
851,34423
851,31717
851,13640
851,13176
851,5212
851,45948
851,21903
851,40604
851,42753
851,47852
852,27966
852,7559
852,19706
852,31444
853,43415
853,44234
853,49424
853,33548
853,7533
853,45265
853,24852
853,5884
853,10305
853,43352
854,49235
854,41290
854,41376
854,33731
854,12258
854,7559
854,31343
854,23375
854,27695
854,13198
854,5134
854,34126
854,24852
854,31526
854,34448
854,14633
854,25435
854,35221
854,27845
855,35842
855,13166
855,20483
855,30094
856,31342
856,25492
856,1282
856,31717
856,28570
856,1529
856,2344
856,27900
856,47192
856,34668
856,4790
856,15506
857,39947
857,12576
857,45747
857,19322
857,34244
857,7175
857,31506
857,9178
857,41950
857,21137
857,13838
857,33716
857,4462
857,43122
857,48171
857,13560
857,44282
857,14429
857,37971
857,8362
857,5517
857,30795
858,16797
858,32850
858,27104
858,7021
858,43858
858,32611
858,18891
858,25230
859,13870
859,48878
859,4366
859,30489
859,26128
859,24489
859,18918
859,28985
859,27104
859,24964
859,16406
860,5134
860,13176
860,11250
860,18159
860,20114
860,24489
860,6292
860,8138
860,38383
860,21938
860,17948
860,35140
860,37646
860,27156
860,2002
860,43392
860,42016
860,9472
860,45007
860,141
860,4376
860,21137
861,22525
861,32403
861,16797
861,7930
861,28632
861,6568
861,39844
861,42240
861,17304
861,15807
862,4461
862,9755
862,46855
862,42450
862,16185
862,39134
862,17484
862,30994
862,47154
862,33000
862,34927
862,34530
862,13289
862,17948
863,23634
863,46802
863,1158
863,44372
863,8809
863,49683
864,35914
864,287
864,17295
864,13176
864,25976
864,15872
864,365
864,27360
864,21616
864,43772
864,36552
864,34605
865,47485
865,22935
865,20869
865,18479
865,13291
865,5373
865,31506
865,21137
865,45007
865,25890
865,47626
866,34986
866,28199
866,13870
866,43772
866,18019
866,20955
866,33095
867,34126
867,31159
867,36011
867,8506
868,13176
868,21137
868,20995
868,43352
868,38176
869,29406
869,28715
869,23375
869,25890
869,22935
869,6615
869,35199
869,8193
869,19019
869,39322
869,1215
870,11365
870,12341
870,21137
870,26759
871,1335
871,14965
871,14394
871,44787
871,14693
871,29156
871,19248
871,16697
871,8186
871,25544
872,47209
872,17672
872,39276
872,28725
872,4149
872,33000
872,6774
872,43154
872,43961
872,22952
872,18531
872,24170
872,31444
872,31640
872,33548
872,23296
872,33791
872,46817
872,42372
872,44156
873,46979
873,8518
873,21070
873,4605
873,35973
873,2380
873,38293
873,7021
873,49175
873,28535
873,31717
873,20114
874,33731
874,39180
874,19478
874,7948
874,17652
874,7500
874,13852
875,14084
875,49075
875,40268
875,2825
875,30450
875,46303
875,46087
875,14896
876,34126
876,34969
876,43789
876,39812
876,3464
876,23643
876,260
876,21938
876,46979
876,21405
876,30720
876,27336
876,2643
876,13176
877,26620
877,30353
877,28342
877,25146
877,24382
877,27344
879,10509
879,39275
879,27966
880,39275
880,27845
880,19286
880,34551
880,196
881,25305
881,8277
881,47209
881,18205
881,23178
881,42701
881,38647
881,33000
881,44825
881,15740
881,5479
881,27086
881,7963
881,45007
881,26369
882,23280
882,32566
882,5918
882,6631
882,24425
882,6193
882,44175
882,40486
882,44042
883,43086
883,49683
883,1511
883,2855
883,12745
883,10768
883,31288
883,17553
883,4451
883,8490
883,49628
883,47626
883,18362
883,3896
883,22559
883,49235
883,4920
884,45504
884,41844
884,24852
884,31506
884,31066
884,13885
885,32486
885,21903
885,25890
885,10343
885,11140
885,23339
886,24852
886,11512
886,21903
886,29574
886,28622
886,45913
886,13431
886,11352
886,4656
886,2350
888,24852
888,40198
888,39411
888,35221
888,31215
888,34993
888,22151
888,28204
888,40763
888,25043
888,38164
888,37276
888,32523
888,31886
888,13577
888,22164
888,47621
888,31444
889,3896
889,38689
889,13176
889,6000
889,29126
889,1374
889,37646
889,43122
889,47105
889,21009
889,43713
890,6265
890,9387
890,47766
890,29127
890,24852
890,46656
890,19348
890,33894
890,46323
890,27044
890,5128
890,47555
890,30583
890,36259
890,14161
891,25745
891,40711
891,25814
891,41068
891,4373
891,32338
891,18523
891,42372
891,47766
891,16900
891,36956
891,6475
891,26209
891,28836
891,14420
891,2120
891,44479
891,722
891,20539
891,45325
892,27360
892,39800
892,11463
893,40216
893,34969
893,5025
893,47766
893,44570
893,42483
893,43513
893,5818
894,48110
894,39040
894,44632
894,39409
894,11408
895,14992
895,24852
895,18234
895,47734
895,8193
895,27104
895,5077
895,4210
895,44008
895,23537
895,8087
895,31717
895,31915
895,19106
896,46979
896,42736
896,46676
896,43504
896,34281
896,37687
896,27662
897,38777
897,34
897,8087
897,2350
897,46738
897,16083
897,24852
897,22825
897,27845
897,8518
897,28590
897,28204
897,8424
898,21137
898,10017
899,9020
899,7600
899,16953
899,28913
899,31553
899,26209
899,31717
899,4966
899,44632
899,35221
899,11361
899,13909
899,34358
899,47626
899,19653
899,39408
900,26093
900,10172
900,13176
900,44359
900,35935
900,5547
900,28985
900,15872
900,39299
900,11744
900,22760
900,27104
900,12474
900,4329
901,4781
901,24279
901,33120
901,40009
901,45210
901,35851
901,42736
901,6274
901,5025
901,37067
901,39877
901,39799
901,44910
901,39739
902,10036
902,35842
902,16349
902,28594
902,34134
902,3020
902,39275
903,40604
903,42768
903,27156
903,24184
903,17794
903,3376
903,4210
903,31553
903,24964
903,26209
903,49683
905,19781
905,260
905,47144
906,27845
906,13176
906,19057
906,17706
906,8277
906,37646
906,21137
906,260
906,5450
906,36410
906,22908
906,7175
906,42585
906,18629
906,24413
906,12820
906,32989
906,38355
906,12020
906,28745
906,4097
907,21658
907,47141
908,19660
908,17207
909,5031
909,3849
909,13176
909,25824
909,24489
909,30233
910,3765
910,27360
910,19173
910,2469
910,29931
910,24852
910,39582
910,6047
910,12916
910,24759
910,27985
910,49030
910,33452
910,1986
910,32829
910,36403
910,28191
910,3885
910,29553
911,32981
911,32931
911,30459
911,43891
911,25653
911,41064
911,19457
911,19822
911,20084
911,26882
911,40706
912,42701
912,37646
912,35628
912,12644
912,41950
912,47766
912,9755
912,46969
912,169
912,14901
912,46709
912,18352
912,26177
912,46993
912,42205
912,15392
912,24852
912,48679
913,42495
913,18339
913,22825
913,31915
913,1364
913,19348
913,4210
913,24852
913,26419
913,15981
914,44359
914,23622
914,32134
914,4920
916,3661
916,25824
916,40571
916,33043
916,9743
916,43295
916,26317
916,5013
916,38471
916,29328
916,42460
917,4313
917,37152
917,36107
917,26689
917,23082
917,23909
917,43129
917,8069
917,25170
917,10386
917,7400
917,30950
917,13636
917,17872
917,30668
917,4478
917,7789
917,28384
918,22557
918,24891
918,46567
918,38944
918,17600
918,28156
918,14697
918,44116
918,33219
918,23216
918,28281
918,11256
919,6182
919,35233
919,9387
919,43122
919,31553
919,14462
920,21295
920,13280
920,47672
920,33953
920,33731
920,27104
920,26620
921,30776
921,5514
921,32134
921,8518
921,30391
921,19511
921,31683
921,8424
921,28289
921,48679
921,46979
921,46667
921,24964
921,12614
921,12779
921,39275
921,39190
921,39619
922,31268
922,39945
922,11947
922,33351
922,24852
922,24392
922,31506
922,14895
923,38384
923,8490
923,24852
923,47498
923,5612
923,42356
923,457
923,23516
923,15349
923,21927
923,35176
924,49185
924,33148
924,18564
924,26620
924,12932
924,46346
924,28204
924,29307
924,23375
924,47804
924,30776
924,3761
924,49683
925,33037
925,44422
925,16977
925,38456
925,4855
925,27521
925,5876
925,17419
925,23044
925,13935
925,43122
925,43961
925,20431
925,45007
925,30720
925,10351
925,39928
925,4920
925,25340
925,8424
925,28985
925,4605
925,5184
926,36472
926,46061
926,46149
927,39758
927,10737
927,7644
927,17733
927,47766
927,49683
927,24604
927,4731
927,29487
927,26604
927,26040
927,15242
927,27924
927,21472
927,28204
927,39877
927,38456
927,13176
927,26425
927,36393
927,23341
927,1582
927,48505
927,43886
927,1094
927,11392
927,29646
927,19813
927,16920
927,43352
927,4006
928,43712
928,19938
928,1819
928,38012
928,33000
928,15613
928,48364
929,13431
929,26706
929,4605
930,19675
931,32655
931,29447
931,49383
931,38557
931,33055
932,44632
932,28849
932,48094
932,5818
932,24964
932,47209
932,38557
932,31927
932,33731
932,38293
932,42265
933,48192
933,4210
933,39321
933,27398
933,15109
933,19620
933,16953
933,994
933,43354
934,33279
934,39399
934,37250
935,18709
935,54
935,24852
935,23670
935,21435
935,36848
935,19677
935,5250
935,47792
935,12324
935,34446
936,17858
936,47977
936,35914
936,37262
936,32265
936,45698
936,43279
937,22475
937,39620
937,27429
937,24114
937,29487
937,29142
937,23046
937,8262
937,22497
937,29912
937,24852
937,2103
937,28199
937,9387
937,35855
937,39993
937,48871
937,41729
937,40332
938,39619
938,21622
938,30450
938,48679
938,43735
938,40531
938,36695
938,8193
938,13176
938,20842
938,13198
938,47209
938,43352
938,21137
938,43889
939,30353
939,39947
939,12576
940,12020
940,17600
940,38544
940,7781
940,18609
940,4321
940,47209
940,7615
940,28535
940,40706
941,1194
941,35473
941,42404
941,32650
941,39858
942,45636
942,2677
942,35121
942,45603
942,8736
942,28613
943,24852
943,26209
943,7010
943,40554
943,24521
943,41960
943,20995
943,1999
943,5991
943,5876
943,21137
943,19057
943,25890
943,34530
943,3142
943,21903
943,12036
943,48341
943,27662
943,27966
943,43749
944,2180
944,40553
944,6242
944,7158
944,48205
944,18709
944,41619
944,25397
944,20239
944,7660
944,3400
944,25495
944,22906
944,25461
944,5876
944,28990
944,40866
944,40310
944,22105
944,22424
944,24257
945,5514
945,11520
945,12892
945,18880
945,18441
945,36178
946,1529
946,20734
946,22935
946,26728
947,45004
947,32455
948,13646
948,24852
948,18689
948,27521
948,28785
948,38312
948,31635
948,48220
948,15984
948,48415
948,37053
948,16145
948,28204
948,8670
948,41950
948,38108
948,7806
948,10749
949,29447
949,24852
949,27966
949,38558
949,14486
949,22035
949,3952
949,781
949,20431
949,1446
949,48726
949,41593
949,39002
949,21614
949,20528
949,33342
950,30960
950,47144
950,47766
950,5077
950,27966
950,25146
950,47141
950,9510
950,31960
950,13176
950,17600
950,41290
950,25513
950,39491
950,28993
950,43772
950,21938
950,29392
950,28299
950,21553
951,24852
951,39747
951,49235
951,17224
951,21137
951,17949
951,16262
951,1577
951,7026
951,42828
951,36076
951,21150
952,13829
952,33575
952,28199
952,401
952,24768
952,23543
952,18441
952,691
953,40396
954,42240
954,588
954,17678
954,31808
955,29893
955,41277
955,10912
955,3696
955,29487
955,38154
955,37084
955,33245
955,13573
955,9130
955,48742
955,3732
955,31981
955,1157
955,48907
955,4377
955,24852
955,9300
955,7600
955,32888
956,48697
956,47345
956,276
956,20823
956,18709
956,24852
956,47941
956,39408
956,31268
957,47626
957,9020
957,7461
957,21616
957,37687
957,47766
957,890
957,33716
957,2295
957,4472
957,23898
957,16824
957,21417
958,47144
958,4920
958,10872
958,30996
958,17073
958,46093
958,2228
958,7014
958,39984
959,13176
959,1511
959,5161
959,24964
959,19446
959,8424
959,15630
959,20280
959,16185
959,2314
959,44422
959,43713
959,43352
959,14199
959,18340
959,5959
959,14992
959,22849
959,21616
959,30489
959,21417
959,21903
959,38903
959,42625
959,30720
960,33984
960,4889
960,32864
960,44799
960,49010
960,16419
960,19076
960,22359
960,30633
960,8424
960,23909
960,11461
960,45296
961,19057
961,41330
961,39275
961,25965
961,30233
961,26738
961,26751
961,38453
961,22367
961,32655
961,42680
961,42265
962,44061
962,30849
962,16797
962,26604
962,24852
962,47766
962,33548
962,42598
962,32331
962,38799
962,43814
962,2067
962,17631
962,40787
962,41844
963,27511
963,13852
963,28985
964,49044
964,30192
964,31504
964,9808
964,49215
964,35376
964,13874
964,890
964,21938
964,16145
965,26620
965,13176
965,7781
965,21137
965,19348
965,41844
965,47626
965,34969
965,38988
965,42265
965,30489
965,15592
965,20345
966,47966
966,45066
966,7156
966,40706
966,36695
966,21137
966,29095
966,24810
966,21814
966,42585
966,39428
966,24184
966,8138
966,5025
966,17794
966,44968
966,21288
966,31562
966,42625
966,7335
966,28248
966,9551
966,30955
966,34739
966,13639
966,21405
967,29650
967,28289
967,8297
968,13176
968,21872
968,41950
968,13802
968,16616
969,36639
969,41319
969,28836
969,10793
969,38097
969,38290
969,23619
969,24852
969,28226
970,24852
970,14947
970,42265
970,38028
970,26032
970,18670
970,21903
970,42342
970,49683
970,47766
970,39475
970,25556
970,48679
970,16083
970,37646
970,34049
970,28985
970,46802
970,9076
970,1468
970,21367
970,812
970,10017
970,26497
970,28127
970,41463
970,25936
970,890
970,28849
970,42585
970,38293
970,44628
970,44873
970,41593
970,1416
970,45007
970,8518
970,20842
970,18761
971,41276
971,196
971,46149
971,16732
971,35470
972,17484
972,14643
972,43858
973,1783
973,41367
973,4605
973,43768
973,22866
973,6652
973,23734
974,4781
974,2846
974,22247
974,43789
974,34126
974,45007
974,41065
974,9839
974,21137
974,42479
974,33731
974,27521
974,22849
974,30391
974,14874
974,10749
975,11352
975,23938
975,3479
975,19272
975,39190
975,38944
975,14881
975,21463
976,29500
976,24852
976,4793
976,46485
976,20733
976,43768
976,27845
976,1244
976,30489
976,939
976,26706
976,23579
976,35629
976,38313
976,14466
976,43122
976,36695
976,47616
976,5450
976,6860
976,39332
976,43961
976,1751
976,38293
976,14084
977,40174
977,11980
977,35342
977,24954
977,20561
977,21573
977,33358
977,5902
977,25837
977,11440
977,10132
977,16797
977,31693
977,47185
977,9932
977,3820
977,46692
977,41949
977,14159
977,1006
977,24713
977,43867
977,18171
977,13815
977,24852
977,46724
977,15097
977,7781
977,19799
977,36002
977,44359
977,13870
977,21614
977,23630
977,14502
978,41787
978,26209
978,27845
978,47626
978,38400
978,35376
978,43086
978,22935
978,11440
978,30391
978,21137
978,5212
978,35948
978,24759
978,23375
979,44422
979,15987
979,16521
980,32299
980,21174
980,47209
981,11520
981,13176
981,47209
981,37646
981,21230
982,24852
982,49683
982,32030
982,48395
982,34243
982,14992
982,47626
983,38368
983,10326
983,3265
984,5077
984,39468
984,8174
984,30776
984,9839
984,16744
984,39247
984,27966
984,13176
984,4472
985,21195
986,39657
986,16974
986,12341
986,6184
986,13575
986,9387
986,47402
986,37710
986,10441
986,16797
986,43352
986,49235
986,3798
986,46931
986,32455
986,42265
986,41787
986,21288
986,25146
987,19348
987,17334
987,24231
987,42450
987,18208
987,45099
987,28682
987,11740
987,29487
987,16759
987,29848
989,29429
989,43556
989,43951
989,23612
989,27117
989,3990
989,10111
989,45076
989,32566
989,21100
989,3195
990,25170
990,9996
991,37867
991,49139
991,40348
991,11874
991,38470
991,24184
991,18394
991,31670
991,7952
991,41178
991,11281
992,33642
992,35734
992,47209
992,4461
992,24489
992,26604
992,651
992,36646
992,35921
992,13176
992,5550
993,11520
993,40516
993,47766
993,8518
993,24964
993,21938
993,45007
993,47626
993,33198
993,8414
993,49517
993,1194
993,34969
993,26751
993,913
993,12564
993,29987
993,4799
993,38266
993,34243
993,4853
993,4562
993,40174
993,42736
993,35108
994,35221
994,21288
994,43352
994,41787
994,24852
994,25890
994,13198
994,8424
994,8193
994,16797
994,48679
995,31338
995,43523
995,16365
995,5513
995,14063
995,34619
995,35909
996,43122
997,37462
997,45603
997,36397
997,21903
997,1158
997,4429
998,19436
998,13176
998,25890
998,5451
998,42719
998,581
998,46979
998,42847
998,36724
998,17758
999,37152
999,43619
999,5445
999,4289
999,34423
1000,20073
1000,34590
1000,35951
1000,3025
1000,35734
1000,26800
1000,8981
